date,open,high,low,close
2018-03-12,488.5,492.75,483.0,490.0
2018-03-09,499.25,499.25,486.0,490.25
2018-03-08,497.5,502.5,490.25,499.25
2018-03-07,506.0,509.75,496.0,497.5
2018-03-06,507.0,507.5,495.5,506.0
2018-03-05,507.75,510.25,495.25,507.0
2018-03-02,516.0,518.5,493.25,499.0
2018-03-01,495.5,517.75,489.5,516.0
2018-02-28,477.5,499.5,476.5,492.5
2018-02-27,473.75,479.0,473.5,477.5
2018-02-26,468.75,476.75,467.75,473.75
2018-02-23,450.75,456.25,450.75,452.0
2018-02-22,447.5,451.75,445.25,450.75
2018-02-21,449.25,452.0,445.5,447.5
2018-02-20,458.0,463.25,449.0,449.25
2018-02-19,458.0,458.0,458.0,458.0
2018-02-18,458.0,458.0,458.0,458.0
2018-02-16,461.5,464.5,456.75,458.0
2018-02-15,455.25,463.5,452.25,461.5
2018-02-14,458.25,460.5,453.75,454.75
2018-02-13,464.25,467.25,459.0,459.25
2018-02-12,452.5,465.0,451.5,464.25
2018-02-09,456.5,456.5,448.25,449.25
2018-02-08,461.0,464.5,451.5,456.5
2018-02-07,446.75,461.75,446.75,461.0
2018-02-06,442.0,447.75,438.75,446.75
2018-02-05,447.0,447.0,438.75,442.0
2018-02-04,447.0,447.0,447.0,447.0
2018-02-02,451.25,451.25,445.0,447.0
2018-02-01,451.5,451.5,443.25,451.25
2018-01-31,458.0,458.75,447.5,451.5
2018-01-30,449.0,458.25,449.0,458.0
2018-01-29,443.5,449.75,443.5,449.0
2018-01-26,434.25,442.5,434.25,442.25
2018-01-25,432.5,438.75,429.5,434.25
2018-01-24,421.75,433.75,420.75,432.5
2018-01-23,425.5,425.5,419.75,421.75
2018-01-22,424.25,427.5,423.25,425.5
2018-01-19,425.5,427.25,421.5,423.25
2018-01-18,421.5,425.75,421.25,424.75
2018-01-17,416.25,423.0,415.5,421.5
2018-01-16,420.75,422.5,413.25,416.25
2018-01-12,433.75,436.0,418.75,420.75
2018-01-11,434.0,434.25,428.75,433.75
2018-01-10,431.75,435.0,431.5,434.0
2018-01-09,427.0,433.75,425.5,431.75
2018-01-08,430.25,432.25,425.75,427.0
2018-01-05,433.5,433.75,427.5,431.0
2018-01-04,435.0,436.0,431.0,433.5
2018-01-03,434.25,437.0,432.0,435.0
2018-01-02,429.5,436.0,429.5,434.25
2017-12-29,426.75,428.0,424.0,427.5
2017-12-28,427.25,428.5,425.25,426.75
2017-12-27,422.25,428.25,420.75,427.25
2017-12-26,424.75,426.75,420.75,422.25
2017-12-22,426.75,429.0,424.5,424.75
2017-12-21,424.0,427.5,423.0,427.0
2017-12-20,419.5,424.5,416.38,423.0
2017-12-19,421.0,424.0,419.5,420.0
2017-12-18,420.75,423.5,419.5,420.75
2017-12-15,419.0,421.5,415.5,418.0
2017-12-14,417.5,420.75,416.25,417.75
2017-12-13,411.5,417.25,411.5,417.25
2017-12-12,413.5,418.75,411.25,411.25
2017-12-11,417.75,418.75,411.0,413.25
2017-12-08,420.5,424.62,418.0,419.0
2017-12-07,425.0,425.75,419.75,421.25
2017-12-06,432.25,433.62,424.75,425.5
2017-12-05,435.5,436.12,431.25,432.0
2017-12-04,439.5,442.75,435.0,435.25
2017-12-01,432.5,438.75,432.25,438.75
2017-11-30,436.0,439.0,430.75,434.38
2017-11-29,429.75,435.5,429.5,434.75
2017-11-28,429.25,431.25,424.5,429.5
2017-11-27,415.5,416.0,409.12,409.12
2017-11-24,420.5,422.0,412.75,416.0
2017-11-22,424.75,426.38,421.0,422.25
2017-11-21,421.75,428.75,420.5,424.5
2017-11-20,427.25,427.25,419.5,422.12
2017-11-17,421.62,428.0,421.5,427.75
2017-11-16,420.75,424.5,419.75,421.5
2017-11-15,427.5,428.25,418.25,419.25
2017-11-14,425.0,429.5,423.5,428.0
2017-11-13,431.75,432.0,422.5,423.75
2017-11-10,430.0,434.25,427.25,431.75
2017-11-09,426.0,432.25,424.25,428.75
2017-11-08,426.75,427.5,419.0,426.5
2017-11-07,429.75,431.0,424.25,427.0
2017-11-06,427.75,431.25,427.5,431.0
2017-11-03,427.5,429.0,422.5,425.25
2017-11-02,418.25,426.5,418.25,425.75
2017-11-01,418.75,422.0,416.62,418.5
2017-10-31,425.5,426.5,416.5,418.5
2017-10-30,426.75,428.0,422.75,425.25
2017-10-27,431.0,431.25,425.25,427.0
2017-10-26,435.5,437.5,431.25,431.75
2017-10-25,438.5,443.0,434.0,435.0
2017-10-24,437.5,438.88,433.25,437.75
2017-10-23,425.75,438.25,424.0,437.25
2017-10-20,433.25,435.75,425.25,425.88
2017-10-19,430.25,436.25,429.75,432.75
2017-10-18,435.0,435.25,429.25,430.0
2017-10-17,436.5,440.75,433.75,434.75
2017-10-16,440.25,442.75,435.75,436.25
2017-10-13,431.25,441.0,430.75,439.75
2017-10-12,433.25,437.75,428.5,430.25
2017-10-11,435.25,435.5,430.0,433.5
2017-10-10,436.38,439.75,434.25,435.88
2017-10-09,445.0,445.75,435.75,436.0
2017-10-06,441.5,444.75,439.0,444.0
2017-10-05,442.75,444.25,438.25,441.25
2017-10-04,449.0,449.25,441.75,442.5
2017-10-03,443.75,450.5,443.5,448.5
2017-10-02,445.0,448.62,439.75,444.75
2017-09-29,455.0,459.0,446.5,448.25
2017-09-28,461.25,462.0,454.12,454.75
2017-09-27,454.0,462.75,449.25,461.5
2017-09-26,454.25,460.75,452.0,453.5
2017-09-25,446.38,454.75,444.25,454.0
2017-09-22,452.5,454.88,448.25,449.5
2017-09-21,451.5,454.5,445.75,452.75
2017-09-20,444.25,450.25,443.0,449.5
2017-09-19,443.0,446.75,435.75,442.75
2017-09-18,448.5,450.88,442.5,444.0
2017-09-15,443.25,450.38,441.0,448.75
2017-09-14,443.75,450.5,442.0,442.0
2017-09-13,443.75,449.75,441.62,444.5
2017-09-12,433.75,443.75,428.5,442.5
2017-09-11,438.5,440.0,432.0,434.5
2017-09-08,437.25,442.0,436.0,437.75
2017-09-07,446.5,446.5,436.0,437.5
2017-09-06,441.25,448.0,440.0,445.75
2017-09-05,440.5,446.75,439.75,443.5
2017-09-01,434.75,440.0,434.12,438.88
2017-08-31,429.62,437.75,429.12,435.5
2017-08-30,433.0,433.5,427.5,429.75
2017-08-29,428.0,429.75,422.75,429.5
2017-08-28,434.0,436.5,426.75,428.75
2017-08-25,409.75,412.75,408.62,410.0
2017-08-24,403.5,411.0,400.75,409.25
2017-08-23,403.62,408.62,401.75,403.12
2017-08-22,410.5,413.0,402.5,403.0
2017-08-21,414.0,418.75,408.75,410.0
2017-08-18,415.25,417.75,412.12,416.25
2017-08-17,420.0,422.25,412.5,414.0
2017-08-16,429.38,435.75,417.25,419.25
2017-08-15,439.88,440.25,428.12,430.0
2017-08-14,435.0,440.5,431.25,440.5
2017-08-11,441.5,444.0,434.62,439.25
2017-08-10,458.25,461.88,439.5,440.25
2017-08-09,456.5,461.5,454.25,459.75
2017-08-08,463.5,468.0,454.75,457.0
2017-08-07,458.5,463.75,454.5,463.75
2017-08-04,457.75,461.38,454.75,455.0
2017-08-03,460.88,463.75,454.5,457.5
2017-08-02,463.12,466.75,456.38,461.0
2017-08-01,472.25,478.0,460.88,461.5
2017-07-31,474.5,480.75,472.0,474.25
2017-07-28,479.5,489.25,478.0,481.25
2017-07-27,479.5,485.5,477.88,480.75
2017-07-26,474.5,480.75,474.25,478.0
2017-07-25,493.0,494.0,474.75,475.12
2017-07-24,495.0,495.88,483.75,488.88
2017-07-21,507.25,510.25,497.75,499.5
2017-07-20,505.25,508.25,495.88,505.62
2017-07-19,504.25,508.88,500.25,503.62
2017-07-18,508.5,517.75,504.5,504.75
2017-07-17,508.0,512.0,503.0,506.5
2017-07-14,513.5,520.5,508.5,510.75
2017-07-13,533.75,534.75,509.62,511.62
2017-07-12,549.5,552.5,535.0,536.5
2017-07-11,556.0,559.25,541.0,553.25
2017-07-10,543.0,553.62,540.75,550.5
2017-07-07,537.25,545.75,530.25,535.25
2017-07-06,558.38,558.88,535.25,538.62
2017-07-05,561.62,574.25,537.0,558.75
2017-07-03,539.62,556.62,536.5,554.38
2017-06-30,498.25,525.75,497.5,525.75
2017-06-29,472.75,498.75,472.75,495.88
2017-06-28,470.0,475.0,468.0,473.25
2017-06-27,466.0,472.5,465.25,469.0
2017-06-26,471.5,474.25,464.0,466.25
2017-06-23,462.25,466.75,459.75,460.0
2017-06-22,465.25,465.25,456.0,461.0
2017-06-21,473.5,473.75,464.38,464.75
2017-06-20,469.5,474.75,463.5,471.75
2017-06-19,461.75,473.25,458.75,467.75
2017-06-16,456.25,468.25,456.0,466.0
2017-06-15,442.12,457.12,437.5,454.75
2017-06-14,444.75,452.25,442.75,443.12
2017-06-13,437.5,446.25,436.75,444.5
2017-06-12,443.25,444.0,431.38,434.0
2017-06-09,447.25,454.0,443.75,445.75
2017-06-08,446.75,455.75,446.62,449.75
2017-06-07,438.0,448.5,438.0,444.75
2017-06-06,430.25,440.75,429.75,435.75
2017-06-05,429.25,433.25,425.75,429.5
2017-06-02,427.75,433.75,426.75,429.25
2017-06-01,429.38,431.25,421.62,429.25
2017-05-31,433.25,436.25,428.5,429.5
2017-05-30,439.0,439.25,426.5,429.38
2017-05-26,430.25,439.0,429.5,438.75
2017-05-25,433.75,436.0,430.25,430.75
2017-05-24,430.0,433.0,427.75,432.5
2017-05-23,434.5,435.75,428.25,429.12
2017-05-22,438.0,442.5,434.75,434.75
2017-05-19,426.25,436.75,426.25,435.5
2017-05-18,428.75,428.75,421.5,426.0
2017-05-17,422.25,432.25,421.75,427.5
2017-05-16,422.5,425.75,420.5,425.0
2017-05-15,430.25,431.0,421.75,424.25
2017-05-12,434.25,437.5,431.5,432.75
2017-05-11,432.25,435.75,428.62,433.5
2017-05-10,429.5,435.5,426.25,431.75
2017-05-09,433.75,434.5,428.75,429.75
2017-05-08,440.75,441.5,433.0,434.0
2017-05-05,438.75,444.0,436.25,443.0
2017-05-04,454.5,455.25,436.0,438.25
2017-05-03,452.25,456.0,446.0,453.5
2017-05-02,457.25,461.5,448.5,454.5
2017-05-01,441.5,456.0,439.38,456.0
2017-04-28,431.75,434.38,429.75,432.62
2017-04-27,426.5,433.0,425.25,431.5
2017-04-26,428.75,432.5,424.75,426.0
2017-04-25,418.75,429.5,416.25,427.25
2017-04-24,424.25,424.75,418.25,419.0
2017-04-21,405.75,408.0,400.25,405.75
2017-04-20,418.62,421.75,406.75,406.75
2017-04-19,422.0,425.75,417.75,418.5
2017-04-18,422.25,423.5,419.25,422.25
2017-04-17,430.25,431.25,420.0,421.25
2017-04-13,433.0,436.0,429.0,429.75
2017-04-12,433.5,436.5,431.5,433.38
2017-04-11,428.25,434.75,424.0,434.12
2017-04-10,423.75,429.0,422.5,428.75
2017-04-07,422.5,425.5,419.75,423.62
2017-04-06,429.25,430.75,422.0,423.0
2017-04-05,426.75,430.5,425.25,430.25
2017-04-04,426.25,432.0,426.25,427.25
2017-04-03,430.5,434.0,428.75,429.25
2017-03-31,422.0,431.25,417.0,425.75
2017-03-30,425.0,426.25,419.75,420.75
2017-03-29,424.25,427.5,422.75,425.5
2017-03-28,420.75,425.75,419.5,424.75
2017-03-27,425.5,425.75,418.5,421.25
2017-03-24,421.5,426.25,421.0,424.25
2017-03-23,421.75,424.75,420.25,421.25
2017-03-22,427.12,427.12,422.0,422.25
2017-03-21,430.25,430.5,423.25,426.5
2017-03-20,440.25,442.62,429.25,430.75
2017-03-17,435.5,437.62,433.0,436.75
2017-03-16,436.5,440.75,434.75,436.75
2017-03-15,431.25,437.0,430.75,436.0
2017-03-14,431.25,434.5,428.75,431.0
2017-03-13,440.25,441.75,430.25,430.75
2017-03-10,442.88,445.5,439.75,442.0
2017-03-09,447.75,450.75,442.5,443.75
2017-03-08,457.25,457.25,445.5,447.5
2017-03-07,459.25,460.75,451.0,456.25
2017-03-06,456.75,462.5,456.5,458.75
2017-03-03,451.0,455.5,448.25,454.25
2017-03-02,457.5,459.5,450.12,453.5
2017-03-01,443.0,457.25,442.5,457.25
2017-02-28,440.75,454.38,439.25,443.75
2017-02-27,447.5,447.75,438.25,438.75
2017-02-24,438.38,438.5,430.25,433.0
2017-02-23,441.62,444.25,436.5,437.0
2017-02-22,437.75,443.0,435.5,441.0
2017-02-21,439.0,440.75,435.25,437.0
2017-02-17,445.5,447.5,441.12,441.25
2017-02-16,454.25,464.25,447.5,447.75
2017-02-15,449.25,455.0,446.5,455.0
2017-02-14,450.75,452.0,446.62,449.75
2017-02-13,448.0,456.0,444.5,451.5
2017-02-10,442.75,450.75,441.25,449.75
2017-02-09,431.0,443.5,429.75,443.5
2017-02-08,430.25,433.0,427.75,432.75
2017-02-07,423.0,430.0,420.0,430.0
2017-02-06,428.5,432.5,423.25,423.5
2017-02-03,434.25,435.5,430.75,430.88
2017-02-02,433.0,437.75,429.75,435.25
2017-02-01,421.25,432.75,417.25,432.75
2017-01-31,415.5,421.0,413.25,421.0
2017-01-30,417.5,419.0,413.12,414.25
2017-01-27,425.5,427.5,419.5,421.75
2017-01-26,425.25,430.5,422.0,426.12
2017-01-25,425.38,428.88,423.25,424.25
2017-01-24,433.25,434.5,426.75,427.75
2017-01-23,429.25,433.0,427.5,433.0
2017-01-20,423.0,428.0,421.75,428.0
2017-01-19,430.75,430.75,423.5,423.5
2017-01-18,433.25,434.25,428.75,431.0
2017-01-17,426.0,437.62,423.75,432.75
2017-01-13,426.75,426.75,419.5,426.25
2017-01-12,418.75,429.88,414.5,425.88
2017-01-11,425.0,426.0,412.25,419.0
2017-01-10,426.5,427.25,423.5,427.0
2017-01-09,424.0,428.25,421.12,427.25
2017-01-06,425.75,428.0,422.0,423.0
2017-01-05,419.25,427.0,416.5,425.5
2017-01-04,406.5,418.0,405.0,418.0
2017-01-03,408.38,414.0,406.38,406.38
2016-12-30,405.75,409.25,404.75,407.75
2016-12-29,403.5,407.0,402.75,404.75
2016-12-28,409.75,410.0,400.5,401.75
2016-12-27,395.25,411.0,395.25,410.0
2016-12-23,397.5,398.25,392.75,394.38
2016-12-22,399.0,400.5,396.75,396.75
2016-12-21,402.75,404.5,399.25,399.5
2016-12-20,406.0,407.75,400.5,403.0
2016-12-19,412.5,413.25,403.25,405.25
2016-12-16,408.5,410.5,404.75,408.75
2016-12-15,417.75,418.0,408.75,409.0
2016-12-14,416.5,418.25,413.25,418.25
2016-12-13,416.62,420.75,414.5,418.0
2016-12-12,415.25,416.75,408.75,416.75
2016-12-09,409.25,416.38,404.0,416.0
2016-12-08,402.38,409.25,402.0,407.75
2016-12-07,406.75,407.5,399.75,401.25
2016-12-06,409.5,413.0,406.25,407.0
2016-12-05,405.25,410.0,404.75,408.5
2016-12-02,397.75,403.0,396.75,403.0
2016-12-01,403.75,404.5,393.25,395.75
2016-11-30,409.5,414.0,403.0,403.0
2016-11-29,415.25,415.5,408.0,408.25
2016-11-28,420.5,421.25,414.5,418.0
2016-11-25,401.62,403.5,396.75,396.75
2016-11-23,407.0,407.25,396.62,401.5
2016-11-22,410.5,411.75,406.25,406.25
2016-11-21,409.0,412.0,404.75,410.75
2016-11-18,403.0,410.0,400.5,408.75
2016-11-17,398.25,406.25,396.75,403.25
2016-11-16,400.0,401.0,397.0,397.0
2016-11-15,394.75,402.0,393.0,399.0
2016-11-14,403.5,403.75,392.75,394.0
2016-11-11,405.75,407.5,401.25,402.0
2016-11-10,408.5,414.25,402.5,405.0
2016-11-09,416.0,417.75,404.0,407.75
2016-11-08,410.5,419.75,408.38,414.5
2016-11-07,414.12,415.75,406.75,408.5
2016-11-04,411.75,415.25,410.5,414.25
2016-11-03,417.75,420.0,409.5,411.5
2016-11-02,414.38,420.25,412.25,418.5
2016-11-01,416.0,418.25,411.0,414.0
2016-10-31,410.75,416.75,409.25,415.25
2016-10-28,415.75,417.5,407.62,408.0
2016-10-27,412.0,418.75,411.75,415.0
2016-10-26,403.5,414.12,403.0,411.75
2016-10-25,403.75,406.5,398.88,404.75
2016-10-24,413.5,416.88,400.75,403.5
2016-10-21,416.75,418.25,413.5,414.5
2016-10-20,420.12,422.75,415.5,417.0
2016-10-19,420.12,422.5,414.0,420.0
2016-10-18,425.0,425.5,418.5,419.5
2016-10-17,418.75,425.5,416.25,424.25
2016-10-14,415.5,428.25,415.25,420.75
2016-10-13,397.75,417.0,397.5,416.5
2016-10-12,404.88,414.0,396.25,397.5
2016-10-11,404.0,408.75,401.5,407.25
2016-10-10,397.25,405.38,397.25,404.25
2016-10-07,397.25,401.0,394.5,395.0
2016-10-06,407.75,409.5,393.5,395.25
2016-10-05,395.5,408.25,392.0,405.5
2016-10-04,395.75,398.25,393.0,395.75
2016-10-03,400.5,401.75,391.75,396.75
2016-09-30,398.75,403.88,390.25,401.75
2016-09-29,402.5,406.75,398.0,399.0
2016-09-28,404.75,407.25,402.0,403.38
2016-09-27,398.0,405.0,394.25,404.25
2016-09-26,403.75,407.0,395.5,396.0
2016-09-23,404.25,409.5,401.38,405.25
2016-09-22,406.0,411.75,404.5,405.75
2016-09-21,405.0,409.0,402.5,408.25
2016-09-20,403.25,410.0,401.5,405.75
2016-09-19,404.75,409.0,400.0,404.0
2016-09-16,398.75,404.5,394.25,403.88
2016-09-15,402.0,406.75,398.25,399.5
2016-09-14,400.75,404.25,395.25,402.25
2016-09-13,408.0,410.88,399.25,400.0
2016-09-12,402.5,410.0,400.0,408.75
2016-09-09,405.5,406.0,397.12,403.0
2016-09-08,403.0,406.75,398.5,406.0
2016-09-07,398.12,405.0,397.5,402.5
2016-09-06,398.25,402.75,395.0,398.0
2016-09-02,394.5,401.5,394.5,399.0
2016-09-01,391.5,397.25,389.75,394.62
2016-08-31,392.88,395.75,387.0,387.5
2016-08-30,397.0,400.75,391.75,392.5
2016-08-29,407.25,407.75,395.5,397.25
2016-08-26,401.0,402.38,381.25,384.12
2016-08-25,404.75,408.0,401.38,401.38
2016-08-24,407.88,409.25,403.0,404.5
2016-08-23,414.75,415.0,407.0,407.5
2016-08-22,427.25,429.12,414.75,415.25
2016-08-19,426.62,432.5,422.5,427.5
2016-08-18,424.5,428.0,420.0,427.25
2016-08-17,423.38,428.38,419.75,426.25
2016-08-16,420.88,427.88,414.88,423.5
2016-08-15,422.0,430.0,417.25,422.62
2016-08-12,416.12,422.62,406.62,422.62
2016-08-11,420.5,423.88,413.75,416.0
2016-08-10,415.88,427.5,415.5,421.12
2016-08-09,415.75,419.25,411.75,416.5
2016-08-08,419.5,423.5,411.75,417.0
2016-08-05,404.0,418.5,404.0,415.38
2016-08-04,411.12,416.12,403.75,404.25
2016-08-03,402.75,415.0,401.25,410.0
2016-08-02,405.75,410.5,399.38,400.75
2016-08-01,407.75,415.5,406.75,406.75
2016-07-29,411.12,412.75,403.75,407.25
2016-07-28,415.38,420.0,408.5,409.12
2016-07-27,415.62,421.0,414.25,415.0
2016-07-26,425.38,429.25,414.25,414.88
2016-07-25,428.25,435.25,421.25,429.5
2016-07-22,418.38,426.88,407.25,426.12
2016-07-21,413.5,419.75,409.0,418.25
2016-07-20,418.25,423.75,406.75,412.75
2016-07-19,427.5,428.25,416.5,418.5
2016-07-18,427.75,431.75,420.62,430.25
2016-07-15,434.75,439.75,425.5,425.5
2016-07-14,442.38,448.0,431.38,433.75
2016-07-13,439.38,451.5,437.0,441.0
2016-07-12,431.0,439.25,424.0,437.5
2016-07-11,437.0,441.88,426.75,430.75
2016-07-08,427.25,439.5,424.0,435.5
2016-07-07,430.38,438.75,424.5,425.62
2016-07-06,432.0,434.0,421.25,429.5
2016-07-05,431.25,432.5,416.0,431.5
2016-07-01,445.38,445.5,428.25,430.62
2016-06-30,445.75,453.5,438.0,448.0
2016-06-29,457.88,460.5,444.0,444.25
2016-06-28,458.38,467.25,456.5,458.25
2016-06-27,464.0,470.25,458.5,459.25
2016-06-24,454.5,455.0,442.25,453.25
2016-06-23,459.5,461.5,453.5,454.0
2016-06-22,460.5,465.0,458.5,458.75
2016-06-21,473.25,476.5,458.0,458.12
2016-06-20,477.0,479.75,473.75,473.75
2016-06-17,473.25,482.0,472.75,481.5
2016-06-16,477.38,479.5,471.25,472.5
2016-06-15,482.88,489.75,478.5,478.5
2016-06-14,491.25,493.38,481.5,484.75
2016-06-13,498.25,503.25,491.5,492.0
2016-06-10,509.0,512.5,494.62,495.0
2016-06-09,517.88,519.0,506.25,509.75
2016-06-08,508.75,523.88,506.25,520.0
2016-06-07,506.5,513.5,501.0,509.5
2016-06-06,497.75,514.75,497.75,507.75
2016-06-03,484.0,498.0,482.5,497.75
2016-06-02,474.0,487.0,473.0,485.5
2016-06-01,463.38,474.75,463.38,473.5
2016-05-31,480.62,483.88,463.75,463.75
2016-05-27,481.38,484.75,479.0,481.5
2016-05-26,465.75,481.5,465.5,480.75
2016-05-25,464.0,468.88,463.25,466.25
2016-05-24,462.75,470.0,458.25,464.5
2016-05-23,467.38,469.12,461.25,462.5
2016-05-20,468.75,474.5,464.25,468.25
2016-05-19,478.5,479.75,462.75,469.25
2016-05-18,481.38,484.5,477.25,481.0
2016-05-17,473.5,484.5,473.25,481.5
2016-05-16,473.75,476.75,467.75,475.75
2016-05-13,468.25,477.5,465.0,474.75
2016-05-12,457.62,468.0,457.62,468.0
2016-05-11,461.5,464.75,457.0,459.0
2016-05-10,457.38,468.5,455.5,462.25
2016-05-09,464.0,467.0,455.0,456.25
2016-05-06,462.62,470.25,462.25,464.5
2016-05-05,468.75,472.5,461.88,463.75
2016-05-04,470.75,476.5,469.12,473.0
2016-05-03,487.38,492.75,468.5,472.0
2016-05-02,486.75,490.0,481.5,487.12
2016-04-29,483.75,490.75,480.75,489.25
2016-04-28,483.75,497.0,481.5,485.75
2016-04-27,486.5,489.5,480.5,482.75
2016-04-26,478.12,488.5,474.25,488.25
2016-04-25,473.75,485.38,469.0,476.75
2016-04-22,492.88,493.12,465.62,467.25
2016-04-21,503.5,510.75,491.0,495.88
2016-04-20,485.25,503.75,485.25,503.0
2016-04-19,473.0,487.75,471.25,485.5
2016-04-18,461.0,477.0,460.75,472.5
2016-04-15,459.25,462.25,455.0,460.25
2016-04-14,462.5,465.5,454.5,458.5
2016-04-13,451.75,466.62,450.25,464.25
2016-04-12,447.62,457.0,446.75,453.5
2016-04-11,457.88,457.88,446.25,447.0
2016-04-08,457.5,462.5,456.5,461.5
2016-04-07,463.0,465.25,457.12,457.25
2016-04-06,473.0,473.0,461.75,463.25
2016-04-05,475.0,476.5,470.25,473.5
2016-04-04,476.38,479.0,470.5,474.5
2016-04-01,473.75,475.5,467.0,475.5
2016-03-31,464.0,475.0,455.88,474.5
2016-03-30,476.0,477.5,463.25,464.25
2016-03-29,471.5,477.25,471.0,477.0
2016-03-28,465.25,477.25,464.0,472.0
2016-03-24,463.13,464.38,458.62,463.5
2016-03-23,467.38,467.38,462.62,463.38
2016-03-22,466.25,470.62,463.38,467.38
2016-03-21,468.62,472.0,463.88,466.38
2016-03-18,463.0,463.88,457.88,463.38
2016-03-17,472.13,475.88,460.12,462.38
2016-03-16,476.88,477.12,469.88,470.62
2016-03-15,477.75,479.12,473.12,477.12
2016-03-14,475.63,479.38,472.88,478.62
2016-03-11,476.88,478.38,471.62,475.88
2016-03-10,467.88,477.38,465.13,476.38
2016-03-09,464.62,468.38,461.12,468.12
2016-03-08,461.38,465.62,457.12,465.13
2016-03-07,465.0,468.38,461.88,463.13
2016-03-04,459.63,464.38,456.12,461.38
2016-03-03,449.62,461.88,449.38,459.12
2016-03-02,447.0,451.38,442.38,450.12
2016-03-01,453.38,454.63,445.62,446.12
2016-02-29,455.12,456.38,450.63,452.88
2016-02-26,453.88,456.12,449.13,452.12
2016-02-25,452.25,455.88,449.62,453.12
2016-02-24,455.62,456.12,446.62,451.38
2016-02-23,463.5,465.88,455.38,455.88
2016-02-22,466.38,469.38,458.25,463.88
2016-02-19,461.88,464.5,460.12,461.88
2016-02-18,468.5,468.5,462.12,462.38
2016-02-17,464.5,470.0,462.75,468.88
2016-02-16,460.75,465.0,459.88,464.38
2016-02-12,458.88,462.0,455.13,457.38
2016-02-11,460.38,465.75,457.88,458.38
2016-02-10,458.13,462.75,456.63,461.13
2016-02-09,459.13,460.25,455.13,457.38
2016-02-08,466.25,468.88,457.75,458.38
2016-02-05,473.5,474.13,465.75,466.63
2016-02-04,479.13,482.5,472.63,472.63
2016-02-03,475.63,480.13,474.63,479.88
2016-02-02,475.75,483.0,473.25,475.38
2016-02-01,476.25,477.25,471.38,475.63
2016-01-29,472.25,479.38,470.88,479.38
2016-01-28,476.75,476.88,470.63,472.13
2016-01-27,484.25,485.75,473.63,476.38
2016-01-26,481.63,488.5,478.13,485.13
2016-01-25,475.75,483.75,475.75,481.13
2016-01-22,474.75,479.75,472.63,475.38
2016-01-21,472.38,480.0,470.5,475.38
2016-01-20,473.0,475.38,467.38,471.63
2016-01-19,475.25,478.88,470.63,474.38
2016-01-17,473.38,473.38,473.38,473.38
2016-01-15,469.0,474.63,465.13,473.38
2016-01-14,477.75,477.88,468.13,468.88
2016-01-13,480.25,483.75,476.63,477.88
2016-01-12,470.0,483.13,463.88,481.38
2016-01-11,481.0,481.13,466.63,469.13
2016-01-08,468.13,479.63,467.63,478.38
2016-01-07,463.5,468.88,456.38,468.38
2016-01-06,461.5,465.63,457.0,462.63
2016-01-05,460.38,464.63,458.63,461.38
2016-01-04,472.5,472.5,456.13,458.38
2015-12-31,469.88,472.25,468.88,469.38
2015-12-30,476.38,479.13,469.38,469.63
2015-12-29,467.38,476.63,467.38,475.88
2015-12-28,467.5,472.38,465.88,466.63
2015-12-27,468.0,468.0,468.0,468.0
2015-12-24,468.63,471.63,467.38,468.0
2015-12-23,472.63,474.88,468.38,469.63
2015-12-22,479.5,482.63,471.63,471.63
2015-12-21,485.75,490.88,478.38,479.13
2015-12-18,486.13,498.88,481.38,486.13
2015-12-17,483.5,488.13,472.38,483.88
2015-12-16,493.13,496.75,483.38,483.38
2015-12-15,493.38,497.88,486.38,493.88
2015-12-14,491.38,496.88,488.63,493.38
2015-12-11,494.75,497.88,487.63,490.38
2015-12-10,488.88,497.88,485.63,495.38
2015-12-09,481.63,491.13,481.5,489.63
2015-12-08,481.5,483.63,476.63,481.38
2015-12-07,489.38,492.88,482.13,482.88
2015-12-04,479.25,484.88,478.38,484.63
2015-12-03,466.88,483.88,466.13,478.38
2015-12-02,471.25,473.38,465.63,467.13
2015-12-01,474.63,480.13,470.88,471.38
2015-11-30,476.63,480.38,475.13,475.63
2015-11-27,487.63,487.63,478.13,479.0
2015-11-25,488.38,492.38,487.38,487.63
2015-11-24,496.75,497.13,487.88,488.13
2015-11-23,487.25,499.63,485.88,497.38
2015-11-20,489.38,494.88,486.38,489.13
2015-11-19,483.0,492.75,481.63,490.38
2015-11-18,487.38,490.25,480.63,483.38
2015-11-17,493.5,494.0,484.63,487.75
2015-11-16,494.88,498.0,490.5,493.88
2015-11-13,496.5,499.75,491.63,496.13
2015-11-12,496.0,500.5,492.38,497.63
2015-11-11,491.88,498.0,490.38,495.13
2015-11-10,502.38,503.75,488.13,491.38
2015-11-09,520.38,521.25,501.38,501.63
2015-11-06,524.75,526.0,517.88,522.88
2015-11-05,524.5,529.0,520.38,525.88
2015-11-04,516.13,530.75,508.38,526.38
2015-11-03,507.63,516.63,506.0,516.38
2015-11-02,521.38,522.75,506.88,507.88
2015-10-30,515.25,523.75,515.13,522.13
2015-10-29,505.75,517.25,505.13,515.38
2015-10-28,507.63,508.75,500.13,505.88
2015-10-27,509.88,518.0,506.63,509.13
2015-10-26,493.63,512.0,493.63,509.38
2015-10-23,490.5,494.25,484.88,490.63
2015-10-22,494.75,500.5,490.63,490.88
2015-10-21,491.88,497.5,490.38,494.63
2015-10-20,486.38,491.63,483.63,490.63
2015-10-19,491.38,493.5,484.38,485.38
2015-10-16,502.63,505.88,489.88,492.38
2015-10-15,507.25,512.75,502.13,502.13
2015-10-14,518.38,519.75,507.63,508.38
2015-10-13,507.0,521.75,505.13,518.88
2015-10-12,507.38,510.63,503.38,506.88
2015-10-09,511.0,519.5,504.63,508.13
2015-10-08,516.0,522.0,509.38,511.13
2015-10-07,525.38,531.5,515.13,516.63
2015-10-06,514.63,526.63,513.13,525.88
2015-10-05,512.38,518.0,508.88,515.88
2015-10-02,516.75,523.0,512.63,512.63
2015-10-01,512.38,523.75,511.88,518.0
2015-09-30,503.38,515.5,498.38,512.25
2015-09-29,505.88,509.75,500.63,503.88
2015-09-28,508.5,515.5,500.38,506.13
2015-09-25,497.88,510.5,496.38,508.13
2015-09-24,506.0,509.0,496.88,497.13
2015-09-23,494.25,508.5,493.88,507.63
2015-09-22,496.38,496.5,488.38,495.38
2015-09-21,486.25,499.25,480.63,496.63
2015-09-18,481.63,489.0,480.13,486.63
2015-09-17,488.25,489.75,480.88,480.88
2015-09-16,494.13,495.0,483.13,488.88
2015-09-15,500.63,503.25,492.38,494.88
2015-09-14,486.38,501.63,485.88,501.38
2015-09-11,477.88,485.5,468.63,485.13
2015-09-10,472.25,479.5,471.5,478.13
2015-09-09,473.0,481.0,471.13,472.63
2015-09-08,469.13,476.63,469.13,475.13
2015-09-04,465.88,469.63,463.13,467.13
2015-09-03,479.25,479.38,464.88,464.88
2015-09-02,486.13,490.0,476.63,479.13
2015-09-01,484.13,491.5,482.13,485.63
2015-08-31,484.13,485.88,476.63,485.38
2015-08-28,484.88,487.75,476.13,477.63
2015-08-27,490.75,495.38,481.63,484.75
2015-08-26,498.38,499.88,488.38,491.0
2015-08-25,504.13,511.25,492.63,496.5
2015-08-24,498.13,504.38,487.5,504.25
2015-08-21,504.5,507.13,495.75,499.38
2015-08-20,495.75,507.63,495.5,504.13
2015-08-19,494.88,498.38,491.13,496.25
2015-08-18,500.0,503.38,493.38,495.5
2015-08-17,503.63,508.75,498.5,500.63
2015-08-14,503.13,512.0,497.88,505.88
2015-08-13,492.75,504.63,492.13,503.38
2015-08-12,507.38,514.63,484.13,493.75
2015-08-11,522.88,524.38,504.13,507.13
2015-08-10,511.88,529.88,509.38,523.63
2015-08-07,508.13,513.88,503.88,510.63
2015-08-06,502.13,514.13,498.38,507.13
2015-08-05,494.38,504.63,492.13,502.63
2015-08-04,499.75,506.88,491.38,493.75
2015-08-03,497.13,500.88,490.63,500.88
2015-07-31,497.13,503.38,495.88,498.13
2015-07-30,496.38,504.38,493.88,497.38
2015-07-29,511.75,512.38,495.88,496.0
2015-07-28,502.88,512.38,501.88,512.13
2015-07-27,510.63,511.63,501.38,502.13
2015-07-24,520.5,523.38,509.63,512.38
2015-07-23,516.63,526.63,516.63,522.5
2015-07-22,524.25,528.13,515.38,516.38
2015-07-21,533.5,537.63,523.88,523.88
2015-07-20,551.0,551.0,530.63,534.75
2015-07-17,560.75,561.25,546.25,554.25
2015-07-16,566.88,573.75,561.88,562.63
2015-07-15,568.88,569.38,558.88,567.13
2015-07-14,575.0,582.38,569.5,570.88
2015-07-13,574.25,576.63,567.0,575.5
2015-07-10,576.63,587.38,570.0,575.13
2015-07-09,576.38,586.13,575.38,577.38
2015-07-08,583.75,587.63,573.13,578.25
2015-07-07,592.88,593.13,578.38,584.38
2015-07-06,585.5,599.63,572.38,594.88
2015-07-03,588.25,588.25,588.25,588.25
2015-07-02,587.5,600.63,574.13,588.25
2015-07-01,614.25,615.0,576.13,587.25
2015-06-30,583.0,617.13,576.38,616.63
2015-06-29,565.5,591.38,564.13,584.13
2015-06-26,532.0,566.13,530.38,560.75
2015-06-25,517.75,532.63,513.13,532.38
2015-06-24,521.75,529.88,514.13,518.13
2015-06-23,501.88,522.63,501.88,522.63
2015-06-22,487.88,504.13,487.38,501.75
2015-06-19,487.75,492.25,483.63,488.88
2015-06-18,491.38,497.88,487.38,487.88
2015-06-17,490.13,499.63,489.63,491.63
2015-06-16,489.13,494.88,487.13,488.63
2015-06-15,503.25,503.25,486.13,488.88
2015-06-12,504.0,510.63,500.75,504.25
2015-06-11,513.88,515.25,502.75,505.13
2015-06-10,532.5,537.38,512.63,512.63
2015-06-09,527.25,537.13,524.13,532.75
2015-06-08,516.38,532.63,516.38,527.63
2015-06-05,523.5,533.88,516.25,517.0
2015-06-04,510.0,524.13,504.13,523.13
2015-06-03,513.38,525.88,508.38,509.13
2015-06-02,495.13,513.13,493.13,512.63
2015-06-01,478.0,495.38,474.13,494.75
2015-05-29,487.13,489.13,474.63,477.88
2015-05-28,488.5,494.63,483.13,487.38
2015-05-27,495.88,496.13,482.38,488.25
2015-05-26,515.75,519.38,492.13,492.63
2015-05-22,521.38,528.88,511.13,515.0
2015-05-21,514.13,527.88,511.13,520.5
2015-05-20,510.75,515.63,503.13,512.5
2015-05-19,520.13,524.63,503.88,510.63
2015-05-18,510.88,529.88,507.88,521.88
2015-05-15,515.0,519.63,506.13,510.75
2015-05-14,481.13,515.0,481.13,514.63
2015-05-13,480.88,486.13,471.13,481.63
2015-05-12,481.0,489.88,478.38,481.38
2015-05-11,482.88,484.13,476.38,481.63
2015-05-08,472.25,482.38,471.88,482.38
2015-05-07,480.38,483.88,471.38,472.63
2015-05-06,468.38,482.13,467.5,479.25
2015-05-05,470.88,472.63,461.13,466.75
2015-05-04,471.75,474.38,466.5,472.75
2015-05-01,476.13,479.13,468.63,473.88
2015-04-30,483.75,488.63,471.88,475.38
2015-04-29,476.5,483.88,474.13,483.88
2015-04-28,475.13,478.38,464.13,476.38
2015-04-27,488.38,490.38,472.63,473.88
2015-04-24,498.0,498.88,485.25,486.38
2015-04-23,499.75,503.38,497.63,498.13
2015-04-22,500.38,504.63,496.38,499.13
2015-04-21,498.38,506.38,494.38,500.5
2015-04-20,493.88,499.13,492.13,498.63
2015-04-17,494.0,499.75,490.88,493.13
2015-04-16,490.38,495.38,489.13,494.63
2015-04-15,497.63,503.88,490.13,490.63
2015-04-14,503.88,506.13,496.38,497.5
2015-04-13,518.13,519.88,501.63,502.38
2015-04-10,517.88,527.38,515.63,526.75
2015-04-09,525.25,526.63,513.88,518.88
2015-04-08,528.38,530.75,518.38,525.5
2015-04-07,525.88,533.88,517.88,526.88
2015-04-06,537.63,543.63,525.13,528.38
2015-04-02,527.75,544.13,522.63,533.88
2015-04-01,513.38,528.88,506.13,528.88
2015-03-31,531.38,531.5,509.13,512.88
2015-03-30,512.13,530.63,508.63,530.38
2015-03-27,499.13,508.88,499.13,507.75
2015-03-26,519.38,525.13,498.5,498.63
2015-03-25,523.13,527.88,516.13,518.88
2015-03-24,530.25,531.63,522.63,523.38
2015-03-23,533.75,540.38,531.88,534.63
2015-03-20,510.13,530.38,510.13,530.13
2015-03-19,516.0,519.88,505.38,511.38
2015-03-18,502.25,512.38,500.88,511.13
2015-03-17,516.0,517.88,503.13,503.63
2015-03-16,503.13,515.38,494.5,515.13
2015-03-13,507.63,513.38,498.88,501.25
2015-03-12,498.25,512.63,498.13,507.25
2015-03-11,494.13,502.13,493.88,498.63
2015-03-10,489.75,496.63,483.38,493.88
2015-03-09,484.25,494.88,484.13,490.13
2015-03-06,480.88,485.38,479.38,482.25
2015-03-05,496.13,496.38,480.38,480.63
2015-03-04,505.75,505.88,494.13,495.88
2015-03-03,501.5,506.88,493.13,504.38
2015-03-02,513.75,518.63,499.63,499.88
2015-02-27,500.5,517.63,498.13,512.0
2015-02-26,496.75,500.88,490.13,500.0
2015-02-25,503.0,505.63,495.13,497.13
2015-02-24,504.63,510.63,502.13,503.38
2015-02-23,507.38,510.38,502.38,503.63
2015-02-20,527.38,531.38,509.63,509.88
2015-02-19,528.38,537.13,523.63,527.63
2015-02-18,538.0,543.38,523.63,528.13
2015-02-17,534.75,546.63,531.88,535.0
2015-02-13,520.88,534.13,519.75,533.25
2015-02-12,523.63,527.5,518.38,520.38
2015-02-11,521.0,527.88,516.13,525.13
2015-02-10,527.88,530.75,518.75,520.88
2015-02-09,527.25,532.13,521.63,529.13
2015-02-06,526.13,533.88,516.63,527.38
2015-02-05,510.88,527.38,508.88,526.38
2015-02-04,514.38,521.63,507.63,512.13
2015-02-03,494.38,515.63,493.38,512.88
2015-02-02,502.25,505.38,492.38,492.88
2015-01-30,507.63,511.63,497.38,503.25
2015-01-29,505.63,512.13,501.0,507.75
2015-01-28,519.25,520.38,503.13,505.38
2015-01-27,520.13,524.0,517.63,518.88
2015-01-26,529.25,534.63,519.38,519.75
2015-01-23,532.88,535.88,526.88,529.25
2015-01-22,536.25,542.38,532.63,533.75
2015-01-21,537.38,544.38,535.63,535.88
2015-01-20,532.25,539.63,523.13,535.38
2015-01-16,536.25,541.88,531.38,531.38
2015-01-15,540.13,544.88,528.13,533.88
2015-01-14,548.5,549.63,536.13,538.13
2015-01-13,556.13,566.63,547.38,547.75
2015-01-12,564.0,566.38,554.88,555.25
2015-01-09,568.0,573.88,562.13,562.38
2015-01-08,580.5,580.5,566.0,567.38
2015-01-07,594.38,594.38,578.88,579.13
2015-01-06,587.75,603.5,586.38,592.13
2015-01-05,579.88,597.38,579.38,588.63
2015-01-02,589.38,589.38,574.88,581.13
2014-12-31,601.38,604.63,586.5,589.88
2014-12-30,614.75,615.38,601.13,603.25
2014-12-29,612.5,620.63,608.13,614.38
2014-12-28,609.25,609.25,609.25,609.25
2014-12-26,614.75,616.5,607.38,609.25
2014-12-24,636.0,639.63,606.88,610.38
2014-12-23,623.5,636.88,621.13,636.38
2014-12-22,629.75,644.5,621.13,624.88
2014-12-21,632.88,632.88,632.88,632.88
2014-12-19,653.63,654.25,629.5,632.88
2014-12-18,646.63,676.88,645.88,653.38
2014-12-17,623.75,649.88,617.13,648.88
2014-12-16,616.38,638.88,615.25,621.13
2014-12-15,606.25,622.63,599.88,618.0
2014-12-14,605.75,605.75,605.75,605.75
2014-12-12,596.63,613.13,593.63,605.75
2014-12-11,581.63,599.88,573.38,596.13
2014-12-10,585.0,585.0,575.38,582.13
2014-12-09,595.5,596.13,584.13,586.0
2014-12-08,593.13,605.63,588.13,596.38
2014-12-07,593.38,593.38,593.38,593.38
2014-12-05,589.13,595.38,582.13,593.38
2014-12-04,589.88,591.63,577.63,588.88
2014-12-03,603.88,606.38,585.38,589.63
2014-12-02,605.38,611.5,596.88,603.38
2014-12-01,576.88,607.63,570.38,607.13
2014-11-30,578.38,578.38,578.38,578.38
2014-11-28,559.25,580.63,558.38,578.38
2014-11-27,562.25,562.25,562.25,562.25
2014-11-26,558.0,565.38,555.63,562.25
2014-11-25,549.38,558.88,546.13,558.63
2014-11-24,553.38,556.88,548.63,549.13
2014-11-21,547.13,552.88,540.88,546.63
2014-11-20,537.0,547.88,532.13,547.13
2014-11-19,549.13,549.25,535.13,538.25
2014-11-18,552.13,553.0,544.38,549.38
2014-11-17,559.38,563.13,551.13,552.25
2014-11-14,552.88,564.63,549.13,560.63
2014-11-13,541.75,558.88,537.13,553.63
2014-11-12,524.5,545.63,522.88,541.63
2014-11-11,517.5,526.38,511.88,524.0
2014-11-10,514.13,523.75,511.38,519.13
2014-11-07,517.75,518.63,511.38,514.5
2014-11-06,524.88,527.88,520.13,520.38
2014-11-05,531.38,532.38,518.88,524.75
2014-11-04,537.88,538.63,529.13,532.13
2014-11-03,535.63,539.13,526.88,539.13
2014-10-31,535.13,538.88,523.13,531.25
2014-10-30,538.5,545.25,532.88,535.88
2014-10-29,530.88,540.38,527.75,538.63
2014-10-28,524.0,532.88,523.5,531.5
2014-10-27,515.88,526.38,510.63,523.5
2014-10-24,525.5,539.13,517.38,518.5
2014-10-23,520.88,530.38,519.25,526.5
2014-10-22,520.5,528.38,516.13,522.63
2014-10-21,513.88,523.63,512.5,519.75
2014-10-20,515.38,515.63,507.38,513.63
2014-10-17,517.88,522.13,512.88,515.88
2014-10-16,506.25,518.13,502.88,518.0
2014-10-15,509.88,516.0,501.63,507.75
2014-10-14,505.0,509.5,498.38,509.38
2014-10-13,498.38,506.13,495.63,505.13
2014-10-10,493.5,508.38,488.63,498.75
2014-10-09,508.13,508.13,492.13,493.38
2014-10-08,507.13,511.63,502.13,507.88
2014-10-07,490.88,509.38,489.38,506.88
2014-10-06,485.63,494.63,485.0,491.38
2014-10-03,483.38,488.88,478.13,486.13
2014-10-02,478.0,489.63,477.5,483.75
2014-10-01,477.63,483.63,469.63,478.63
2014-09-30,480.63,481.75,468.13,478.63
2014-09-29,470.88,482.38,470.75,480.88
2014-09-26,473.5,476.13,469.0,474.88
2014-09-25,480.13,483.5,466.38,474.25
2014-09-24,474.25,484.63,473.63,480.38
2014-09-23,476.75,479.38,471.13,475.75
2014-09-22,476.5,480.63,469.38,476.63
2014-09-19,487.88,488.13,473.88,474.0
2014-09-18,496.13,498.63,487.88,488.13
2014-09-17,495.88,501.13,494.13,499.38
2014-09-16,499.13,508.25,492.38,496.88
2014-09-15,501.25,503.88,496.13,500.38
2014-09-12,507.88,509.38,500.13,502.5
2014-09-11,518.13,519.0,502.88,509.13
2014-09-10,528.63,529.13,519.25,519.63
2014-09-09,533.38,533.38,523.63,528.88
2014-09-08,534.63,539.13,524.38,533.75
2014-09-05,531.38,541.5,528.38,535.38
2014-09-04,535.88,536.88,527.75,529.88
2014-09-03,555.0,556.13,535.13,535.38
2014-09-02,561.88,565.88,550.88,554.75
2014-08-29,570.38,578.63,561.38,563.38
2014-08-28,562.38,578.63,559.13,570.88
2014-08-27,555.0,562.88,550.88,561.38
2014-08-26,553.38,557.88,546.88,555.88
2014-08-25,559.88,564.88,552.63,555.63
2014-08-22,545.75,562.38,545.75,549.25
2014-08-21,539.63,549.63,536.88,546.5
2014-08-20,546.13,549.25,534.38,539.5
2014-08-19,540.75,555.88,536.25,546.63
2014-08-18,549.75,551.25,540.63,542.38
2014-08-15,535.88,555.88,533.63,551.63
2014-08-14,528.5,539.13,528.13,536.13
2014-08-13,538.5,544.38,527.38,527.38
2014-08-12,546.63,546.88,534.5,538.25
2014-08-11,548.38,556.38,542.88,546.75
2014-08-08,561.13,561.13,547.13,547.88
2014-08-07,567.63,567.88,558.63,561.63
2014-08-06,553.13,571.88,553.13,567.63
2014-08-05,543.88,554.13,538.13,552.13
2014-08-04,534.63,553.13,534.63,544.88
2014-08-03,533.75,533.75,533.75,533.75
2014-08-01,531.25,543.88,530.63,533.75
2014-07-31,526.38,536.13,523.5,530.38
2014-07-30,521.63,528.88,519.88,528.0
2014-07-29,534.38,535.5,518.63,520.63
2014-07-28,539.0,543.13,532.13,534.88
2014-07-25,528.88,538.38,526.63,537.63
2014-07-24,530.63,541.88,526.13,529.0
2014-07-23,524.38,530.88,521.63,529.88
2014-07-22,529.5,536.63,524.13,524.88
2014-07-21,530.13,531.13,523.88,530.25
2014-07-18,552.13,555.63,531.13,531.75
2014-07-17,537.88,561.38,530.88,551.25
2014-07-16,537.38,544.38,535.88,538.0
2014-07-15,537.88,539.38,530.63,538.25
2014-07-14,527.38,538.88,524.25,538.38
2014-07-11,547.5,549.63,525.13,525.88
2014-07-10,551.88,555.88,546.38,548.63
2014-07-09,556.13,558.0,547.75,551.25
2014-07-08,557.75,560.88,555.63,555.88
2014-07-07,579.5,584.25,556.13,558.25
2014-07-06,579.5,579.5,579.5,579.5
2014-07-03,576.38,580.63,572.13,579.5
2014-07-02,573.88,576.63,568.88,576.63
2014-07-01,578.63,580.88,569.38,573.13
2014-06-30,591.63,592.38,568.75,576.75
2014-06-27,584.63,597.38,583.88,592.88
2014-06-26,584.38,589.88,579.88,584.38
2014-06-25,580.13,584.63,577.13,584.13
2014-06-24,589.25,589.25,579.38,580.0
2014-06-23,594.63,600.88,587.38,589.13
2014-06-20,592.88,594.63,582.88,584.88
2014-06-19,586.25,595.88,585.88,593.88
2014-06-18,581.63,597.88,581.63,586.25
2014-06-17,581.5,584.63,576.88,581.5
2014-06-16,585.75,594.63,580.38,580.38
2014-06-13,585.88,594.38,583.63,585.13
2014-06-12,588.38,593.38,584.88,584.88
2014-06-11,602.13,608.38,588.63,588.88
2014-06-10,614.13,615.75,599.38,601.13
2014-06-09,617.13,626.13,607.63,614.25
2014-06-06,605.88,619.38,603.25,619.38
2014-06-05,614.38,617.25,605.13,605.13
2014-06-04,611.88,619.38,611.13,613.88
2014-06-03,621.63,623.88,611.13,612.13
2014-06-02,625.75,626.13,616.38,620.38
2014-05-30,633.5,636.63,625.63,628.13
2014-05-29,638.5,644.63,629.88,632.25
2014-05-28,638.38,641.63,633.13,638.63
2014-05-27,644.88,648.38,640.38,640.88
2014-05-23,660.38,663.38,651.38,651.88
2014-05-22,665.63,669.38,654.63,659.63
2014-05-21,668.38,675.63,663.38,663.38
2014-05-20,674.75,685.88,666.25,669.13
2014-05-19,671.5,677.63,663.88,675.13
2014-05-16,678.88,682.75,670.63,674.88
2014-05-15,690.88,690.88,676.88,677.88
2014-05-14,709.5,709.5,687.88,690.38
2014-05-13,713.88,715.13,704.13,709.63
2014-05-12,722.25,722.25,703.75,714.88
2014-05-11,722.75,722.75,722.75,722.75
2014-05-09,734.0,738.88,722.13,722.75
2014-05-08,735.0,737.63,727.88,734.63
2014-05-07,736.75,739.63,727.25,738.88
2014-05-06,732.63,743.88,723.88,738.63
2014-05-05,723.13,740.0,721.63,727.38
2014-05-02,709.5,720.63,706.13,716.0
2014-05-01,723.25,724.38,701.38,708.63
2014-04-30,715.25,724.63,710.75,721.5
2014-04-29,709.25,716.88,704.38,715.63
2014-04-28,708.88,716.88,697.38,708.88
2014-04-25,689.25,701.63,687.63,700.88
2014-04-24,676.88,695.63,671.63,690.38
2014-04-23,673.5,679.38,667.88,676.38
2014-04-22,668.38,677.0,662.5,672.38
2014-04-21,690.5,690.5,662.88,668.88
2014-04-17,687.63,701.38,686.38,690.25
2014-04-16,700.88,710.88,684.63,688.0
2014-04-15,677.5,702.63,673.88,701.63
2014-04-14,665.25,688.5,665.13,678.13
2014-04-11,663.25,666.5,656.63,659.13
2014-04-10,669.25,670.88,656.38,662.25
2014-04-09,681.75,687.88,664.13,668.25
2014-04-08,676.38,684.88,668.25,679.25
2014-04-07,670.5,679.38,665.63,676.63
2014-04-04,674.13,676.25,658.88,670.25
2014-04-03,669.25,677.38,666.63,675.25
2014-04-02,687.25,687.63,665.13,668.63
2014-04-01,695.88,697.63,683.63,685.38
2014-03-31,697.13,701.88,677.0,697.13
2014-03-28,707.88,708.25,693.63,695.13
2014-03-27,696.5,713.38,692.13,710.5
2014-03-26,708.88,711.63,694.88,697.38
2014-03-25,714.63,716.38,706.63,709.38
2014-03-24,692.5,718.13,687.25,713.38
2014-03-21,705.38,707.13,692.13,692.25
2014-03-20,714.63,722.88,694.38,706.38
2014-03-19,691.38,718.38,686.13,715.63
2014-03-18,676.25,693.38,672.5,691.88
2014-03-17,686.38,694.13,672.63,674.63
2014-03-14,672.63,690.88,669.88,686.63
2014-03-13,682.38,696.25,671.13,672.13
2014-03-12,658.5,684.38,652.13,684.13
2014-03-11,639.5,667.38,637.13,658.13
2014-03-10,654.88,656.38,639.25,639.63
2014-03-07,646.0,662.88,644.38,653.5
2014-03-06,640.88,648.88,636.38,646.63
2014-03-05,641.0,644.38,636.13,640.38
2014-03-04,632.0,644.63,621.13,643.25
2014-03-03,623.63,644.13,615.0,634.5
2014-02-28,590.25,604.88,590.13,600.38
2014-02-27,606.0,606.88,588.38,590.38
2014-02-26,617.38,618.38,605.13,605.38
2014-02-25,617.0,619.75,605.13,617.25
2014-02-24,602.5,617.38,600.75,617.25
2014-02-21,616.25,617.38,609.38,609.88
2014-02-20,618.88,620.75,611.63,615.88
2014-02-19,611.88,620.38,609.88,620.38
2014-02-18,599.25,613.13,598.88,612.13
2014-02-14,594.88,602.88,594.5,597.5
2014-02-13,586.38,596.63,585.38,594.5
2014-02-12,589.25,598.0,585.88,585.88
2014-02-11,585.13,590.88,582.88,589.13
2014-02-10,574.5,590.5,570.63,585.5
2014-02-07,582.13,585.88,567.38,577.75
2014-02-06,586.75,592.88,579.63,579.88
2014-02-05,584.38,588.63,579.13,587.0
2014-02-04,563.63,585.63,562.13,585.38
2014-02-03,554.88,564.13,554.13,563.88
2014-01-31,554.13,557.38,551.38,555.0
2014-01-30,552.0,556.63,550.38,553.75
2014-01-29,566.63,566.88,550.75,550.88
2014-01-28,564.13,568.88,564.13,565.88
2014-01-27,567.13,572.13,563.13,563.88
2014-01-24,571.13,573.13,562.63,566.25
2014-01-23,561.63,577.63,561.63,569.88
2014-01-22,562.63,566.63,560.88,561.13
2014-01-21,565.13,567.63,560.88,561.88
2014-01-17,572.88,574.25,562.88,562.88
2014-01-16,568.38,573.63,564.13,572.13
2014-01-15,579.5,579.63,566.88,567.38
2014-01-14,571.38,579.63,570.63,579.38
2014-01-13,571.75,575.88,570.13,572.88
2014-01-10,584.38,590.25,560.88,568.13
2014-01-09,588.13,590.75,578.38,584.5
2014-01-08,603.13,607.13,587.38,587.63
2014-01-07,606.38,609.88,601.88,602.38
2014-01-06,608.13,612.38,605.13,606.13
2014-01-03,596.88,608.88,596.38,606.63
2014-01-02,605.0,605.0,595.88,596.75
2014-01-01,605.13,605.13,605.13,605.13
2013-12-31,601.63,607.13,599.38,605.13
2013-12-30,608.0,609.0,600.13,600.13
2013-12-27,608.13,609.88,603.38,608.13
2013-12-26,606.38,606.63,600.88,605.75
2013-12-24,610.38,611.63,605.88,606.38
2013-12-23,614.5,615.13,608.38,609.25
2013-12-20,610.38,615.63,607.38,613.63
2013-12-19,614.88,621.13,610.13,610.13
2013-12-18,618.63,618.88,612.38,612.38
2013-12-17,622.38,626.63,618.88,618.88
2013-12-16,628.63,628.63,621.13,621.63
2013-12-13,633.38,634.88,626.88,629.13
2013-12-12,641.0,642.5,630.38,633.38
2013-12-11,639.88,643.38,635.38,641.13
2013-12-10,649.88,652.13,635.13,639.5
2013-12-09,651.63,657.13,649.38,650.5
2013-12-06,652.13,654.88,649.38,650.75
2013-12-05,662.63,662.88,650.63,651.63
2013-12-04,668.38,672.13,661.38,662.0
2013-12-03,663.88,669.13,662.13,668.88
2013-12-02,668.88,674.63,660.63,662.88
2013-11-29,668.5,670.63,665.13,668.25
2013-11-27,656.63,666.88,656.38,664.63
2013-11-26,659.0,660.63,653.38,655.75
2013-11-25,658.63,662.38,657.38,659.5
2013-11-24,656.25,656.25,656.25,656.25
2013-11-22,649.38,653.63,648.63,649.0
2013-11-21,647.88,653.38,647.38,648.63
2013-11-20,650.0,654.63,646.38,646.5
2013-11-19,642.75,651.13,642.75,650.0
2013-11-18,646.25,649.63,642.38,642.38
2013-11-15,646.0,648.38,642.88,643.75
2013-11-14,645.88,652.88,644.38,644.88
2013-11-13,646.38,648.88,643.63,645.25
2013-11-12,647.0,651.88,644.88,645.0
2013-11-11,651.13,659.38,646.0,646.25
2013-11-08,653.5,657.75,645.5,648.0
2013-11-07,654.0,657.13,652.38,653.38
2013-11-06,657.0,660.38,652.38,653.63
2013-11-05,662.63,665.13,655.25,656.5
2013-11-04,666.5,671.38,662.13,663.38
2013-11-01,667.75,672.13,664.63,667.13
2013-10-31,675.13,676.88,667.13,667.38
2013-10-30,684.88,686.0,674.13,674.13
2013-10-29,681.25,684.63,676.38,681.75
2013-10-28,688.88,691.13,680.88,680.88
2013-10-25,696.38,701.88,690.38,691.63
2013-10-24,701.25,707.88,696.13,696.5
2013-10-23,700.75,710.38,699.75,701.75
2013-10-22,699.13,704.13,696.13,700.63
2013-10-21,706.13,711.13,694.13,698.88
2013-10-18,686.38,706.38,686.13,705.25
2013-10-17,681.25,693.13,680.75,685.63
2013-10-16,686.13,687.88,678.38,681.13
2013-10-15,691.88,693.63,685.38,685.63
2013-10-14,691.63,696.13,686.38,691.88
2013-10-11,684.63,695.38,682.38,692.0
2013-10-10,691.13,695.63,684.13,685.0
2013-10-09,692.5,694.63,687.38,690.13
2013-10-08,694.13,699.63,688.13,693.13
2013-10-07,686.88,696.13,686.5,695.0
2013-10-04,688.75,692.63,684.38,686.63
2013-10-03,685.75,697.88,685.5,688.63
2013-10-02,681.0,689.63,678.0,686.0
2013-10-01,678.13,683.38,672.63,683.38
2013-09-30,681.0,694.0,676.88,679.13
2013-09-27,677.63,685.38,675.5,681.13
2013-09-26,670.13,678.88,668.63,678.63
2013-09-25,657.88,674.88,657.88,669.63
2013-09-24,653.75,659.88,649.63,657.63
2013-09-23,646.13,656.63,645.38,653.88
2013-09-20,656.63,659.13,643.88,645.88
2013-09-19,647.38,662.38,646.63,656.25
2013-09-18,642.38,647.88,642.0,645.5
2013-09-17,641.63,651.0,641.38,642.5
2013-09-16,641.13,648.63,638.63,640.88
2013-09-13,652.63,652.63,640.13,640.5
2013-09-12,648.13,654.13,637.5,652.88
2013-09-11,647.63,652.13,642.13,647.88
2013-09-10,641.5,648.13,640.13,646.25
2013-09-09,648.38,651.38,639.63,640.88
2013-09-06,639.13,652.88,638.25,647.63
2013-09-05,645.75,646.25,637.13,639.38
2013-09-04,647.25,647.25,640.13,646.38
2013-09-03,663.0,663.63,645.38,647.5
2013-08-30,654.13,658.63,650.38,654.88
2013-08-29,660.25,663.5,652.13,654.38
2013-08-28,665.13,669.38,658.63,660.38
2013-08-27,666.13,670.25,661.13,663.25
2013-08-26,651.88,676.38,651.63,667.13
2013-08-23,629.0,637.88,628.5,633.75
2013-08-22,640.38,640.38,629.88,630.5
2013-08-21,635.13,646.63,634.38,638.38
2013-08-20,641.38,643.75,634.13,634.5
2013-08-19,636.5,642.38,635.25,640.5
2013-08-16,637.75,641.13,626.63,631.5
2013-08-15,631.13,641.13,629.13,637.63
2013-08-14,626.63,631.75,623.13,630.38
2013-08-13,635.88,643.38,626.38,627.5
2013-08-12,633.25,644.88,630.13,635.25
2013-08-09,642.0,644.88,630.63,633.63
2013-08-08,642.5,647.88,640.0,641.13
2013-08-07,650.25,652.88,639.13,643.88
2013-08-06,646.13,651.0,642.38,650.0
2013-08-05,659.5,665.38,641.63,645.25
2013-08-02,657.75,667.13,656.5,660.25
2013-08-01,663.38,667.38,648.38,659.13
2013-07-31,654.38,665.5,653.63,663.63
2013-07-30,650.38,662.38,650.13,656.0
2013-07-29,650.38,655.88,648.63,651.13
2013-07-26,648.75,657.38,648.13,649.25
2013-07-25,652.63,656.38,648.13,648.38
2013-07-24,653.88,661.63,653.13,653.13
2013-07-23,659.25,659.38,650.63,654.63
2013-07-22,666.38,667.75,655.13,659.88
2013-07-19,660.88,669.88,658.13,663.88
2013-07-18,664.25,667.13,656.63,661.13
2013-07-17,669.5,674.0,664.13,665.25
2013-07-16,671.5,681.25,665.63,669.25
2013-07-15,677.13,677.63,667.63,669.5
2013-07-12,683.13,687.5,679.88,681.0
2013-07-11,679.13,692.88,676.0,682.38
2013-07-10,676.13,682.13,668.63,678.13
2013-07-09,662.88,682.63,662.5,676.38
2013-07-08,659.0,671.25,659.0,662.38
2013-07-05,670.88,672.38,659.38,659.88
2013-07-04,666.0,666.0,666.0,666.0
2013-07-03,658.13,671.38,658.13,666.0
2013-07-02,656.0,667.88,652.38,656.38
2013-07-01,655.5,663.75,652.88,656.63
2013-06-28,673.13,678.13,656.13,656.88
2013-06-27,677.0,683.13,672.88,672.88
2013-06-26,684.75,690.13,676.13,676.63
2013-06-25,687.88,694.63,684.88,685.13
2013-06-24,700.88,701.75,685.13,687.75
2013-06-21,700.38,704.38,696.13,697.88
2013-06-20,703.88,707.63,695.13,699.88
2013-06-19,684.5,710.63,682.63,705.13
2013-06-18,681.5,689.38,680.88,686.88
2013-06-17,677.88,688.63,674.75,683.38
2013-06-14,685.5,685.5,676.63,681.13
2013-06-13,683.38,686.63,675.13,685.63
2013-06-12,694.25,696.63,679.13,681.88
2013-06-11,690.13,699.63,686.88,696.13
2013-06-10,693.25,693.5,680.63,690.25
2013-06-07,696.88,703.13,694.38,696.25
2013-06-06,701.63,706.13,693.63,698.5
2013-06-05,710.5,712.38,701.13,701.38
2013-06-04,707.5,712.88,700.13,709.63
2013-06-03,707.75,714.38,692.63,709.38
2013-05-31,697.38,707.38,692.88,706.63
2013-05-30,699.13,702.25,687.63,697.88
2013-05-29,693.5,703.88,688.88,700.38
2013-05-28,697.88,704.88,687.88,693.5
2013-05-24,704.38,707.25,696.38,696.38
2013-05-23,687.63,708.88,687.13,705.0
2013-05-22,680.5,692.63,680.13,686.88
2013-05-21,683.38,684.13,674.13,679.88
2013-05-20,681.38,688.0,674.63,686.25
2013-05-17,688.38,689.63,680.63,682.63
2013-05-16,694.13,698.88,681.63,688.88
2013-05-15,710.88,711.13,692.63,693.88
2013-05-14,709.25,716.63,706.88,712.38
2013-05-13,701.88,718.63,701.63,709.38
2013-05-10,722.63,724.0,702.38,703.5
2013-05-09,704.88,727.5,702.88,724.13
2013-05-08,707.88,712.63,700.13,705.5
2013-05-07,704.5,710.38,698.38,707.63
2013-05-06,713.75,714.63,700.63,702.25
2013-05-03,727.63,734.88,716.63,721.75
2013-05-02,720.63,729.63,717.88,729.25
2013-05-01,731.5,731.5,713.38,719.63
2013-04-30,716.25,736.63,705.13,730.25
2013-04-29,696.5,719.63,695.38,715.25
2013-04-26,701.5,701.5,686.88,686.88
2013-04-25,690.5,705.38,690.5,701.63
2013-04-24,697.75,698.63,688.63,690.25
2013-04-23,702.88,703.5,690.38,697.88
2013-04-22,708.13,708.13,691.38,702.13
2013-04-19,703.63,711.38,697.63,708.38
2013-04-18,705.38,711.75,696.13,704.13
2013-04-17,703.75,715.38,698.63,703.38
2013-04-16,692.88,703.63,689.88,703.63
2013-04-15,715.0,715.0,688.63,692.63
2013-04-12,699.0,715.88,698.5,714.13
2013-04-11,697.38,705.63,693.75,698.5
2013-04-10,706.13,712.75,688.88,696.88
2013-04-09,713.13,714.13,704.38,707.25
2013-04-08,700.0,715.88,700.0,711.75
2013-04-05,692.38,700.38,689.38,699.38
2013-04-04,701.75,701.88,684.63,692.5
2013-04-03,674.0,705.38,670.88,701.88
2013-04-02,667.38,676.25,664.63,674.38
2013-04-01,684.88,685.0,660.25,667.38
2013-03-31,682.88,688.0,681.25,684.5
2013-03-28,735.88,741.38,682.88,688.25
2013-03-27,729.5,740.63,728.75,736.0
2013-03-26,726.38,732.5,723.63,729.63
2013-03-25,729.88,730.38,722.63,726.13
2013-03-24,729.63,730.13,728.38,730.0
2013-03-22,728.5,731.38,715.63,729.38
2013-03-21,733.5,736.38,726.25,728.38
2013-03-20,727.25,736.63,723.13,733.63
2013-03-19,714.38,727.63,709.38,727.38
2013-03-18,716.38,719.25,705.75,714.13
2013-03-17,720.75,721.38,716.0,716.63
2013-03-15,724.63,724.88,717.63,723.13
2013-03-14,711.88,725.38,707.88,724.88
2013-03-13,702.88,712.75,697.25,712.25
2013-03-12,700.88,706.38,695.75,703.0
2013-03-11,699.25,707.88,695.13,700.75
2013-03-10,696.0,699.75,695.13,699.38
2013-03-08,695.38,702.0,687.5,696.38
2013-03-07,683.13,696.38,681.63,695.63
2013-03-06,705.38,706.88,681.25,683.25
2013-03-05,703.38,708.63,701.13,705.25
2013-03-04,719.13,722.38,697.88,703.5
2013-03-03,721.13,721.63,718.63,719.0
2013-03-01,716.5,726.38,708.13,720.38
2013-02-28,712.13,722.88,711.13,716.38
2013-02-27,712.5,721.88,710.13,712.0
2013-02-26,705.75,711.88,698.13,711.88
2013-02-25,720.38,722.13,704.13,705.88
2013-02-24,718.25,720.88,715.88,720.13
2013-02-22,722.63,729.63,713.88,713.88
2013-02-21,736.75,737.38,719.63,723.0
2013-02-20,732.63,740.63,727.88,736.88
2013-02-19,746.63,747.38,726.38,732.75
2013-02-15,734.63,744.38,733.88,742.0
2013-02-14,737.63,740.63,725.13,734.38
2013-02-13,734.38,737.75,722.88,737.75
2013-02-12,741.75,744.13,725.63,734.25
2013-02-11,757.63,757.63,740.88,741.88
2013-02-10,757.0,759.0,753.5,757.88
2013-02-08,756.63,770.63,753.13,756.13
2013-02-07,759.88,764.25,752.88,756.75
2013-02-06,757.75,763.88,746.63,759.75
2013-02-05,765.5,766.13,751.13,757.63
2013-02-04,766.13,773.38,761.13,765.38
2013-02-03,768.25,768.38,764.25,765.88
2013-02-01,781.5,789.88,764.63,766.13
2013-01-31,787.13,790.88,773.88,781.63
2013-01-30,773.75,788.88,771.88,786.75
2013-01-29,778.25,784.88,773.75,773.88
2013-01-28,779.63,782.88,770.88,778.38
2013-01-27,778.63,780.38,777.38,779.5
2013-01-25,771.25,780.63,764.38,775.88
2013-01-24,772.63,774.88,763.13,771.38
2013-01-23,776.13,784.88,771.13,772.88
2013-01-22,794.88,799.63,776.13,776.38
2013-01-20,790.5,790.5,790.5,790.5
2013-01-18,785.5,793.63,778.88,790.5
2013-01-17,786.63,787.88,776.38,785.38
2013-01-16,783.25,790.63,777.13,786.75
2013-01-15,769.88,789.38,769.13,783.38
2013-01-14,767.63,776.63,763.5,770.25
2013-01-13,761.75,767.5,760.88,767.5
2013-01-11,745.88,771.75,736.38,757.88
2013-01-10,749.75,756.13,744.13,746.0
2013-01-09,751.0,756.88,745.13,749.63
2013-01-08,752.13,759.13,749.63,750.88
2013-01-07,748.13,760.25,743.63,752.25
2013-01-06,749.5,749.5,746.5,748.25
2013-01-04,754.38,757.63,739.88,748.88
2013-01-03,758.75,761.13,750.25,754.25
2013-01-02,786.88,787.38,752.63,758.88
2012-12-31,775.13,779.88,767.88,778.5
2012-12-30,778.63,778.63,774.63,775.0
2012-12-28,777.0,784.38,767.13,778.38
2012-12-27,775.75,777.63,764.63,776.88
2012-12-26,794.13,794.88,773.88,775.88
2012-12-24,794.63,796.13,791.38,794.13
2012-12-23,794.25,796.13,793.75,794.5
2012-12-21,792.38,798.63,789.88,791.88
2012-12-20,806.75,808.38,782.88,792.25
2012-12-19,813.5,822.63,802.13,807.13
2012-12-18,812.88,816.38,801.63,813.38
2012-12-17,814.63,818.25,805.13,812.63
2012-12-16,815.88,818.63,813.38,814.88
2012-12-14,808.13,817.38,806.13,813.88
2012-12-13,812.75,817.63,801.63,808.0
2012-12-12,824.0,825.38,809.13,812.88
2012-12-11,848.13,848.63,816.13,823.88
2012-12-10,857.88,861.88,846.88,847.88
2012-12-09,861.5,861.88,857.0,857.63
2012-12-07,860.38,864.63,853.13,860.0
2012-12-06,860.5,864.13,853.13,860.5
2012-12-05,858.38,863.38,852.63,860.63
2012-12-04,861.5,864.88,851.88,858.25
2012-12-03,869.38,877.13,858.38,861.25
2012-12-02,863.5,863.5,863.5,863.5
2012-11-30,885.38,885.5,862.63,863.5
2012-11-29,887.0,894.88,880.88,885.5
2012-11-28,886.13,895.13,879.88,886.88
2012-11-27,864.38,888.88,864.38,886.0
2012-11-26,859.88,868.75,859.5,864.5
2012-11-25,863.13,863.13,858.5,859.75
2012-11-23,850.0,853.13,846.13,847.13
2012-11-21,843.75,849.38,841.13,845.13
2012-11-20,843.63,849.63,837.5,843.88
2012-11-19,837.88,847.88,836.88,843.38
2012-11-18,836.25,838.75,835.88,837.63
2012-11-16,846.13,849.63,829.63,837.13
2012-11-15,847.5,856.38,843.5,846.0
2012-11-14,854.63,857.88,845.88,847.63
2012-11-13,858.88,864.38,843.63,854.25
2012-11-12,883.75,884.75,855.13,858.63
2012-11-11,885.75,885.88,882.63,883.88
2012-11-09,900.75,911.63,884.13,887.25
2012-11-08,889.63,904.88,886.88,900.63
2012-11-07,876.38,896.63,870.75,889.38
2012-11-06,872.13,879.63,870.25,876.13
2012-11-05,867.88,875.63,863.63,872.0
2012-11-04,865.38,868.5,863.38,867.75
2012-11-02,865.13,873.63,859.25,866.25
2012-11-01,867.38,877.38,861.63,865.25
2012-10-31,860.0,874.13,859.5,866.88
2012-10-30,857.5,866.38,852.88,860.13
2012-10-29,861.38,871.25,857.13,857.75
2012-10-28,863.88,864.25,860.88,861.25
2012-10-26,874.88,878.13,863.38,864.0
2012-10-25,879.13,888.63,871.38,874.75
2012-10-24,867.5,894.75,865.75,878.38
2012-10-23,877.0,878.13,860.13,867.38
2012-10-22,873.88,884.38,871.38,877.13
2012-10-21,873.38,876.25,871.63,873.88
2012-10-19,868.38,885.25,866.38,871.13
2012-10-18,856.38,875.88,855.75,868.5
2012-10-17,846.38,857.63,845.63,856.25
2012-10-16,856.0,857.5,843.88,846.5
2012-10-15,852.63,857.25,841.63,856.13
2012-10-14,856.88,860.13,852.13,852.88
2012-10-12,882.25,884.38,853.38,856.88
2012-10-11,868.63,893.88,859.5,882.38
2012-10-10,864.38,876.63,863.63,868.75
2012-10-09,862.88,873.63,862.75,864.25
2012-10-08,858.63,867.13,856.75,862.5
2012-10-07,856.88,859.25,855.38,858.88
2012-10-05,872.13,872.63,856.63,856.88
2012-10-04,870.25,882.63,867.0,872.25
2012-10-03,867.75,878.38,858.13,870.38
2012-10-02,880.13,882.38,864.0,867.63
2012-10-01,895.5,901.0,872.38,880.25
2012-09-30,902.13,904.13,892.13,895.63
2012-09-28,855.75,906.5,850.75,899.38
2012-09-27,872.75,875.5,849.38,855.88
2012-09-26,887.63,888.75,866.63,872.88
2012-09-25,886.38,897.38,880.88,887.75
2012-09-24,902.75,904.38,883.63,886.25
2012-09-23,896.25,906.88,896.25,902.63
2012-09-21,881.38,898.88,880.63,898.88
2012-09-20,884.88,893.63,869.13,880.75
2012-09-19,867.5,885.88,866.63,885.0
2012-09-18,883.88,887.63,860.88,866.75
2012-09-17,916.25,918.38,876.38,883.63
2012-09-16,921.75,926.63,915.13,916.13
2012-09-14,901.5,930.63,898.75,925.88
2012-09-13,890.0,904.88,885.75,901.38
2012-09-12,884.0,893.38,869.0,889.88
2012-09-11,888.25,898.13,882.38,883.88
2012-09-10,908.75,917.38,885.38,888.5
2012-09-09,902.75,909.88,901.38,908.63
2012-09-07,890.63,912.38,884.88,905.5
2012-09-06,867.75,894.38,867.63,890.75
2012-09-05,886.38,887.13,865.63,867.88
2012-09-04,892.0,903.88,881.13,886.5
2012-08-31,903.38,905.88,881.13,888.63
2012-08-30,902.38,914.5,897.38,903.5
2012-08-29,876.0,908.13,874.13,902.25
2012-08-28,878.63,888.88,871.5,875.88
2012-08-27,892.25,899.13,878.75,878.75
2012-08-26,893.25,893.63,887.13,892.0
2012-08-24,874.25,885.75,866.13,867.38
2012-08-23,895.63,903.25,871.63,874.38
2012-08-22,897.5,898.63,889.63,895.5
2012-08-21,879.25,904.63,878.25,896.88
2012-08-20,872.38,883.38,867.13,879.38
2012-08-19,873.75,876.75,871.5,872.25
2012-08-17,863.63,879.75,863.13,873.88
2012-08-16,847.0,868.88,841.13,863.75
2012-08-15,845.5,850.63,840.63,846.75
2012-08-14,859.5,865.88,838.75,845.63
2012-08-13,880.5,882.88,855.0,859.38
2012-08-12,883.25,885.13,879.0,880.75
2012-08-10,915.13,930.88,880.88,887.0
2012-08-09,899.88,919.25,899.25,915.25
2012-08-08,887.13,902.13,869.5,899.75
2012-08-07,892.0,904.63,883.63,887.5
2012-08-06,884.75,897.0,879.63,891.88
2012-08-05,884.25,888.38,876.88,885.13
2012-08-03,861.63,906.88,860.75,891.13
2012-08-02,881.5,883.38,856.13,861.5
2012-08-01,893.25,897.0,861.88,881.63
2012-07-31,911.13,919.38,886.38,892.63
2012-07-30,909.75,919.63,905.88,911.0
2012-07-29,908.13,912.88,903.13,909.88
2012-07-27,880.13,910.88,879.63,898.75
2012-07-26,892.88,904.13,873.88,879.88
2012-07-25,863.63,908.75,863.25,893.0
2012-07-24,891.75,902.63,852.88,863.38
2012-07-23,932.13,933.5,889.5,891.88
2012-07-22,942.0,942.0,926.13,932.25
2012-07-20,932.75,944.5,917.0,943.88
2012-07-19,898.88,937.88,896.75,932.63
2012-07-18,883.63,907.38,865.75,898.38
2012-07-17,895.75,898.13,867.75,883.75
2012-07-16,867.0,897.38,864.5,896.13
2012-07-15,858.0,867.88,856.5,866.88
2012-07-13,845.25,865.5,845.0,846.63
2012-07-12,829.25,857.75,820.38,845.5
2012-07-11,822.63,848.38,803.63,829.38
2012-07-10,817.63,833.13,807.0,822.5
2012-07-09,821.38,844.63,815.63,817.75
2012-07-08,818.38,823.75,815.88,821.5
2012-07-06,827.88,831.63,804.13,807.13
2012-07-05,814.63,840.38,809.63,828.0
2012-07-03,775.38,800.38,774.38,799.13
2012-07-02,773.5,779.25,756.38,775.5
2012-07-01,758.88,773.88,758.88,773.38
2012-06-29,742.25,761.63,740.63,758.88
2012-06-28,747.75,757.13,741.88,742.38
2012-06-27,742.13,763.38,739.38,747.88
2012-06-26,747.13,751.63,725.63,741.88
2012-06-25,702.5,755.13,702.38,747.0
2012-06-24,696.5,706.0,696.5,702.63
2012-06-22,658.63,684.63,658.38,674.63
2012-06-21,658.38,681.5,655.13,658.5
2012-06-20,649.75,664.38,641.0,658.63
2012-06-19,631.38,651.13,631.38,649.63
2012-06-18,615.38,633.88,613.25,631.5
2012-06-17,613.25,615.63,613.25,615.5
2012-06-15,621.38,626.63,607.75,613.88
2012-06-14,619.25,628.88,616.38,621.25
2012-06-13,618.0,623.63,614.88,619.13
2012-06-12,627.13,638.75,613.38,617.88
2012-06-11,630.13,642.13,627.13,627.25
2012-06-10,631.25,634.13,629.88,630.0
2012-06-08,635.38,638.63,627.88,630.13
2012-06-07,625.75,644.38,620.38,635.25
2012-06-06,615.75,628.63,614.25,625.63
2012-06-05,628.0,630.88,612.13,615.63
2012-06-04,613.63,631.13,613.38,628.25
2012-06-03,615.88,616.0,613.38,613.5
2012-06-01,645.38,646.25,611.25,613.25
2012-05-31,652.38,653.75,643.13,645.63
2012-05-30,660.13,660.88,644.38,652.25
2012-05-29,674.0,683.75,655.88,660.25
2012-05-25,665.25,687.0,661.88,679.88
2012-05-24,669.63,675.88,661.88,665.38
2012-05-23,684.13,684.13,663.63,669.88
2012-05-22,697.38,701.88,682.13,683.88
2012-05-21,703.63,721.38,683.13,697.5
2012-05-20,703.25,703.88,702.88,703.88
2012-05-18,657.75,697.13,652.63,694.88
2012-05-17,639.0,658.25,639.0,657.63
2012-05-16,609.0,640.13,604.13,638.88
2012-05-15,598.63,616.88,598.63,609.13
2012-05-14,598.63,601.88,592.38,598.38
2012-05-13,599.13,600.88,598.63,598.75
2012-05-11,600.63,603.63,592.38,596.63
2012-05-10,602.5,607.38,595.63,600.88
2012-05-09,617.13,617.38,598.63,602.38
2012-05-08,611.63,620.75,611.63,617.25
2012-05-07,609.13,613.88,600.88,611.88
2012-05-06,608.25,609.38,607.75,608.88
2012-05-04,618.25,620.63,599.63,608.88
2012-05-03,616.0,621.63,613.38,618.13
2012-05-02,640.25,640.88,612.5,616.13
2012-05-01,652.5,653.38,638.88,640.0
2012-04-30,648.75,655.38,640.38,652.63
2012-04-29,647.5,651.38,647.5,648.88
2012-04-27,636.13,654.88,632.75,649.38
2012-04-26,627.13,636.63,624.63,636.0
2012-04-25,638.88,642.5,624.13,627.25
2012-04-24,632.88,646.63,631.38,638.75
2012-04-23,622.38,634.88,621.5,633.0
2012-04-22,623.25,623.63,621.38,622.25
2012-04-20,626.0,627.88,614.63,616.88
2012-04-19,613.63,628.13,613.38,625.88
2012-04-18,616.0,618.5,604.25,613.88
2012-04-17,618.63,626.88,615.13,616.13
2012-04-16,620.38,625.38,615.13,618.75
2012-04-15,623.25,623.25,619.5,620.25
2012-04-13,640.0,643.13,618.63,622.88
2012-04-12,629.75,645.38,629.13,639.88
2012-04-11,622.88,633.63,619.88,629.88
2012-04-10,641.5,651.63,622.63,622.75
2012-04-09,641.75,648.88,636.88,641.38
2012-04-08,636.63,642.63,636.63,641.63
2012-04-05,641.5,649.63,636.13,638.63
2012-04-04,658.25,658.25,635.63,641.25
2012-04-03,653.75,658.88,650.13,658.38
2012-04-02,663.38,664.13,649.38,653.88
2012-04-01,662.88,665.63,662.0,663.5
2012-03-30,616.75,668.63,613.63,658.88
2012-03-29,633.38,635.13,611.5,616.63
2012-03-28,640.75,646.13,630.13,633.25
2012-03-27,658.88,663.38,638.88,640.88
2012-03-26,650.13,670.38,650.13,658.75
2012-03-25,654.88,655.25,650.13,650.25
2012-03-23,648.88,654.88,646.38,654.63
2012-03-22,640.63,650.38,631.38,648.75
2012-03-21,642.88,647.25,635.63,640.75
2012-03-20,652.13,652.38,640.13,642.75
2012-03-19,674.38,674.88,651.63,652.25
2012-03-18,670.88,675.13,670.13,674.5
2012-03-16,663.5,672.63,660.25,672.13
2012-03-15,646.13,665.38,643.38,663.63
2012-03-14,649.75,650.88,640.88,646.25
2012-03-13,651.38,657.38,645.25,649.5
2012-03-12,639.13,653.13,638.75,651.13
2012-03-11,643.13,643.13,638.25,639.25
2012-03-09,635.38,649.88,634.38,640.88
2012-03-08,640.75,647.5,633.63,634.63
2012-03-07,658.63,658.63,636.38,638.63
2012-03-06,671.38,671.5,655.38,657.13
2012-03-05,673.5,677.5,667.88,670.88
2012-03-02,663.38,675.38,657.75,672.25
2012-03-01,666.63,672.63,658.88,663.0
2012-02-29,666.25,674.38,660.38,667.88
2012-02-28,651.75,668.88,649.63,667.38
2012-02-27,643.13,653.75,633.38,653.75
2012-02-24,641.88,643.38,632.63,642.25
2012-02-23,644.13,645.63,635.38,640.88
2012-02-22,632.75,645.75,628.63,644.88
2012-02-21,648.13,648.13,623.88,633.63
2012-02-17,626.63,646.63,626.0,644.13
2012-02-16,627.75,632.38,621.13,627.13
2012-02-15,635.13,640.13,624.38,626.13
2012-02-14,640.75,642.88,632.63,634.25
2012-02-13,635.13,642.13,631.38,641.88
2012-02-10,645.13,645.63,628.63,629.88
2012-02-09,660.88,664.75,641.88,645.38
2012-02-08,662.13,669.63,653.13,661.13
2012-02-07,669.13,671.88,655.38,661.13
2012-02-06,660.25,668.88,656.75,668.63
2012-02-03,663.38,670.75,653.88,660.38
2012-02-02,674.5,674.5,657.38,661.63
2012-02-01,666.75,683.25,666.63,674.63
2012-01-31,645.25,667.38,644.88,666.63
2012-01-30,646.63,653.88,635.38,643.88
2012-01-27,652.75,656.38,645.38,647.25
2012-01-26,640.88,658.0,639.88,653.13
2012-01-25,632.88,648.75,629.63,641.63
2012-01-24,619.88,637.88,614.13,633.63
2012-01-23,613.63,620.5,613.63,619.63
2012-01-20,605.13,611.75,597.13,610.63
2012-01-19,592.38,606.38,591.88,606.13
2012-01-18,605.75,606.25,590.13,592.13
2012-01-17,603.38,611.75,601.63,604.88
2012-01-13,603.88,609.88,599.13,601.63
2012-01-12,641.38,648.63,592.0,605.88
2012-01-11,639.13,643.25,632.5,643.25
2012-01-10,640.63,644.63,634.38,639.63
2012-01-09,625.75,644.88,625.25,642.38
2012-01-06,629.38,636.88,624.63,624.63
2012-01-05,649.13,650.13,627.13,627.38
2012-01-04,656.38,661.13,645.63,650.13
2012-01-03,665.88,670.5,654.0,658.38
2012-01-02,653.13,653.13,653.13,653.13
2011-12-30,644.38,654.38,642.63,653.13
2011-12-29,649.38,654.38,641.88,645.13
2011-12-28,643.63,655.75,641.5,650.63
2011-12-27,629.13,646.88,628.88,643.63
2011-12-26,621.75,621.75,621.75,621.75
2011-12-25,621.75,621.75,621.75,621.75
2011-12-23,620.63,627.63,618.63,622.0
2011-12-22,617.13,625.63,611.5,621.5
2011-12-21,606.63,617.88,600.63,617.75
2011-12-20,599.5,608.63,595.75,606.88
2011-12-19,585.88,603.13,581.88,600.88
2011-12-16,578.75,587.38,577.25,583.13
2011-12-15,582.63,587.75,578.38,578.38
2011-12-14,600.38,602.63,579.63,581.5
2011-12-13,594.13,608.88,593.38,601.63
2011-12-12,593.88,601.63,587.5,593.88
2011-12-11,595.5,595.5,595.5,595.5
2011-12-09,595.38,599.25,584.13,596.13
2011-12-08,600.0,602.88,591.25,595.88
2011-12-07,612.38,615.38,598.88,600.38
2011-12-06,611.38,616.88,600.38,612.38
2011-12-05,627.38,631.5,607.63,611.88
2011-12-02,616.0,631.25,611.88,626.63
2011-12-01,615.0,624.88,605.88,614.38
2011-11-30,613.88,629.0,607.38,614.88
2011-11-29,592.5,618.88,591.13,614.88
2011-11-28,595.13,603.38,590.13,592.88
2011-11-25,578.25,586.13,572.5,574.0
2011-11-23,594.25,595.75,577.38,579.75
2011-11-22,592.38,597.0,586.13,594.13
2011-11-21,598.63,601.63,584.63,591.88
2011-11-18,593.25,602.38,586.63,596.63
2011-11-17,616.13,617.63,590.63,591.88
2011-11-16,631.63,639.5,615.13,617.13
2011-11-15,616.0,634.13,612.38,632.0
2011-11-14,616.88,622.0,610.5,614.63
2011-11-11,619.75,625.63,609.63,618.0
2011-11-10,641.63,648.5,618.88,621.38
2011-11-09,655.63,657.63,633.75,642.63
2011-11-08,639.0,659.13,636.75,658.13
2011-11-07,638.88,640.63,630.13,639.0
2011-11-04,634.88,639.88,623.5,635.38
2011-11-03,623.75,644.13,620.25,634.63
2011-11-02,625.88,638.13,620.38,624.38
2011-11-01,629.63,633.75,612.5,626.13
2011-10-31,647.5,647.88,619.5,629.25
2011-10-30,644.75,647.88,644.75,647.63
2011-10-28,643.25,652.63,636.38,646.13
2011-10-27,621.5,647.63,621.5,642.63
2011-10-26,636.0,643.38,616.63,621.38
2011-10-25,642.38,646.88,634.25,635.38
2011-10-24,633.25,646.88,632.63,642.38
2011-10-23,631.88,633.75,630.75,633.75
2011-10-21,631.5,649.63,628.38,630.63
2011-10-20,616.88,632.88,613.75,630.88
2011-10-19,629.75,636.88,616.75,617.0
2011-10-18,624.63,630.88,613.13,629.63
2011-10-17,622.25,634.13,620.13,624.88
2011-10-16,623.88,626.38,621.38,621.38
2011-10-14,622.13,632.88,612.5,623.88
2011-10-13,624.13,630.38,605.5,621.75
2011-10-12,658.13,662.5,620.13,623.88
2011-10-11,614.75,665.13,612.5,657.5
2011-10-10,612.63,628.63,610.63,614.63
2011-10-09,607.63,613.13,606.63,612.13
2011-10-07,615.25,622.88,606.38,608.88
2011-10-06,626.5,639.38,613.5,615.13
2011-10-05,611.0,628.63,607.38,626.38
2011-10-04,615.75,620.63,597.0,611.13
2011-10-03,612.25,622.75,596.88,615.88
2011-10-02,609.13,613.75,608.63,612.38
2011-09-30,658.63,661.25,605.38,606.0
2011-09-29,632.75,661.38,627.38,658.5
2011-09-28,651.75,657.38,632.75,632.75
2011-09-27,654.63,669.63,650.38,652.38
2011-09-26,644.75,655.25,624.88,654.5
2011-09-25,646.38,647.63,643.88,646.13
2011-09-23,637.75,649.38,634.13,642.63
2011-09-22,662.63,662.63,632.63,637.63
2011-09-21,673.38,682.63,661.0,662.13
2011-09-20,676.38,687.63,672.25,673.13
2011-09-19,688.63,688.63,667.13,676.63
2011-09-18,688.38,691.0,687.0,688.5
2011-09-16,698.38,705.0,689.75,693.38
2011-09-15,704.75,704.88,686.25,697.75
2011-09-14,703.75,712.5,698.13,704.0
2011-09-13,730.88,731.88,696.25,703.88
2011-09-12,727.75,734.88,711.63,731.63
2011-09-11,730.13,730.13,726.63,728.0
2011-09-09,738.25,742.13,727.13,729.13
2011-09-08,753.0,753.63,733.63,738.13
2011-09-07,763.63,772.75,748.13,753.5
2011-09-06,765.88,770.25,750.13,763.63
2011-09-05,776.63,776.63,762.88,765.63
2011-09-02,765.13,777.88,758.13,775.88
2011-09-01,787.88,789.13,758.38,765.13
2011-08-31,786.0,793.88,775.38,788.13
2011-08-30,789.63,795.5,781.38,785.88
2011-08-29,770.25,805.63,765.25,789.75
2011-08-28,761.75,770.63,761.75,770.63
2011-08-26,753.5,768.63,747.38,762.0
2011-08-25,746.38,763.88,735.88,754.38
2011-08-24,755.0,763.88,745.38,746.63
2011-08-23,737.38,758.75,737.38,755.0
2011-08-22,732.13,746.5,732.13,737.63
2011-08-21,734.63,734.63,730.88,732.13
2011-08-19,706.13,733.38,701.13,731.75
2011-08-18,725.63,725.75,700.5,706.13
2011-08-17,725.75,739.25,722.63,725.5
2011-08-16,710.5,732.5,704.5,725.63
2011-08-15,711.38,721.13,707.5,710.38
2011-08-14,705.38,711.75,704.88,711.13
2011-08-12,703.5,718.63,696.38,703.63
2011-08-11,684.88,719.88,680.38,703.13
2011-08-10,683.13,690.75,676.63,684.5
2011-08-09,651.63,687.13,643.63,682.88
2011-08-08,673.5,677.38,642.5,651.88
2011-08-07,666.75,675.75,665.63,673.63
2011-08-05,673.13,682.38,665.63,677.75
2011-08-04,705.5,706.25,667.5,673.0
2011-08-03,715.25,718.63,703.38,704.88
2011-08-02,680.88,722.5,667.75,715.38
2011-08-01,674.5,690.38,670.13,681.0
2011-07-31,671.13,676.0,670.38,674.88
2011-07-29,697.88,699.75,670.0,672.88
2011-07-28,700.0,714.63,692.38,697.38
2011-07-27,692.25,712.13,686.25,699.88
2011-07-26,687.75,698.88,679.38,692.13
2011-07-25,683.75,695.13,671.63,687.63
2011-07-24,684.0,687.75,681.5,683.63
2011-07-22,680.25,693.38,669.5,693.38
2011-07-21,687.5,702.25,672.0,680.75
2011-07-20,701.0,707.13,685.13,687.38
2011-07-19,693.75,727.5,689.25,700.63
2011-07-18,681.5,694.63,676.25,693.63
2011-07-17,694.5,695.38,680.13,681.38
2011-07-15,707.63,715.63,692.75,695.38
2011-07-14,716.25,720.25,690.5,707.88
2011-07-13,667.5,719.13,665.13,716.0
2011-07-12,638.25,676.0,617.63,667.5
2011-07-11,647.38,649.88,626.88,638.13
2011-07-10,655.25,655.25,646.25,647.38
2011-07-08,634.75,657.25,633.63,650.0
2011-07-07,623.63,639.88,619.25,635.25
2011-07-06,635.38,639.38,620.13,624.13
2011-07-05,625.38,640.88,623.13,635.25
2011-07-04,611.13,625.88,611.13,625.63
2011-07-01,600.5,623.0,592.88,611.63
2011-06-30,674.75,677.75,596.0,600.38
2011-06-29,680.63,696.88,662.13,675.0
2011-06-28,657.88,682.0,653.38,680.75
2011-06-27,653.13,658.88,642.63,657.63
2011-06-26,661.25,661.25,652.63,653.0
2011-06-24,645.88,659.0,631.63,631.63
2011-06-23,636.75,651.88,606.13,645.75
2011-06-22,677.38,680.25,617.38,636.88
2011-06-21,658.38,680.63,655.88,677.25
2011-06-20,673.88,674.63,656.13,658.5
2011-06-19,673.75,675.13,671.88,674.0
2011-06-17,671.25,683.63,664.13,671.88
2011-06-16,711.0,712.88,666.25,670.88
2011-06-15,732.0,734.13,701.25,711.38
2011-06-14,745.88,746.75,714.5,731.88
2011-06-13,766.38,768.63,740.38,746.63
2011-06-12,760.63,769.88,760.63,766.5
2011-06-10,748.5,763.38,738.13,759.88
2011-06-09,752.0,769.5,739.63,748.13
2011-06-08,741.63,759.13,731.88,751.88
2011-06-07,746.63,746.88,731.38,741.38
2011-06-06,774.88,777.38,741.25,746.0
2011-06-05,772.25,777.88,772.0,775.25
2011-06-03,772.25,780.88,759.25,772.88
2011-06-02,761.63,774.13,758.63,772.5
2011-06-01,787.13,787.63,754.38,761.5
2011-05-31,792.63,806.38,773.0,787.13
2011-05-30,793.5,794.88,784.63,792.75
2011-05-27,819.0,826.88,803.63,820.63
2011-05-26,802.38,828.5,802.0,818.88
2011-05-25,787.63,802.88,778.13,802.88
2011-05-24,797.5,809.5,777.75,787.75
2011-05-23,820.38,820.38,785.75,797.75
2011-05-22,816.63,820.88,812.38,820.13
2011-05-20,808.75,818.75,791.13,806.63
2011-05-19,819.25,834.38,805.13,808.63
2011-05-18,771.5,826.75,767.63,818.75
2011-05-17,736.0,773.88,731.88,771.38
2011-05-16,738.75,747.25,730.63,736.13
2011-05-15,730.5,742.13,730.5,738.88
2011-05-13,738.63,749.0,723.25,729.13
2011-05-12,759.63,764.75,728.88,738.5
2011-05-11,799.75,804.38,756.63,759.5
2011-05-10,792.75,816.38,792.13,799.88
2011-05-09,774.5,797.5,769.25,792.5
2011-05-08,766.38,777.75,763.63,773.5
2011-05-06,752.88,777.5,740.25,753.88
2011-05-05,772.63,780.5,749.0,753.38
2011-05-04,793.0,794.25,768.13,772.25
2011-05-03,795.75,799.63,782.25,792.88
2011-05-02,801.25,824.38,789.63,795.63
2011-05-01,801.38,803.75,790.5,801.0
2011-04-29,770.38,805.38,768.38,804.13
2011-04-28,818.13,820.25,767.63,770.0
2011-04-27,850.63,852.88,800.38,819.13
2011-04-26,862.13,862.75,834.25,850.88
2011-04-25,849.13,864.75,845.88,861.88
2011-04-24,847.25,849.63,842.63,849.38
2011-04-22,834.25,834.25,834.25,834.25
2011-04-21,824.0,834.88,816.0,833.88
2011-04-20,824.88,843.38,816.38,823.88
2011-04-19,815.38,829.63,810.5,824.88
2011-04-18,782.13,818.0,775.88,815.13
2011-04-17,779.5,782.63,776.25,782.63
2011-04-15,745.75,748.63,730.25,744.5
2011-04-14,758.13,758.63,734.25,745.5
2011-04-13,757.38,769.63,741.75,759.25
2011-04-12,800.13,800.25,750.63,757.63
2011-04-11,807.25,808.88,786.5,800.13
2011-04-10,803.38,808.88,803.38,807.0
2011-04-08,775.0,801.75,766.88,799.38
2011-04-07,778.38,792.0,757.13,774.88
2011-04-06,784.88,792.38,776.13,778.5
2011-04-05,789.38,798.13,778.63,784.63
2011-04-04,766.88,792.88,766.38,789.5
2011-04-03,764.88,769.38,764.63,766.5
2011-04-01,759.75,773.63,745.13,760.38
2011-03-31,726.88,773.25,722.25,759.13
2011-03-30,738.75,741.63,723.25,726.88
2011-03-29,722.38,741.63,721.88,738.88
2011-03-28,739.5,739.63,721.13,723.13
2011-03-27,735.88,739.63,735.5,739.63
2011-03-25,743.13,752.38,726.63,734.75
2011-03-24,713.5,743.63,710.13,742.38
2011-03-23,726.38,728.63,706.13,713.5
2011-03-22,718.5,729.88,705.5,725.25
2011-03-21,737.63,738.25,717.38,718.63
2011-03-20,724.13,741.38,719.88,738.88
2011-03-18,715.88,748.88,714.5,724.88
2011-03-17,671.38,718.63,667.38,715.38
2011-03-16,680.13,697.38,656.5,671.63
2011-03-15,722.0,723.38,661.13,680.75
2011-03-14,712.25,729.88,706.13,722.13
2011-03-13,719.5,719.63,710.63,713.13
2011-03-11,737.63,740.25,704.13,717.38
2011-03-10,762.88,765.63,734.25,739.5
2011-03-09,782.13,788.88,749.88,759.38
2011-03-08,801.63,803.13,778.38,781.25
2011-03-07,831.38,833.5,798.38,799.88
2011-03-04,821.25,836.88,813.75,832.63
2011-03-03,810.13,826.38,804.63,823.38
2011-03-02,809.88,829.88,796.38,811.38
2011-03-01,819.25,823.13,797.38,810.88
2011-02-28,819.63,820.63,799.25,816.38
2011-02-25,783.88,828.63,783.88,813.63
2011-02-24,799.63,804.38,776.63,781.13
2011-02-23,793.75,801.25,757.63,797.13
2011-02-22,858.88,869.13,795.38,796.38
2011-02-18,883.75,885.5,850.75,856.38
2011-02-17,870.25,885.25,870.25,883.5
2011-02-16,843.63,848.75,825.63,837.38
2011-02-15,873.0,873.63,830.88,840.25
2011-02-14,875.63,884.38,869.63,872.38
2011-02-11,865.88,871.13,855.63,867.63
2011-02-10,885.75,885.75,861.38,861.38
2011-02-09,876.75,892.38,875.75,888.25
2011-02-08,859.88,880.63,844.25,873.88
2011-02-07,861.13,869.38,851.63,858.88
2011-02-04,859.38,864.63,842.63,854.5
2011-02-03,862.63,872.5,847.13,858.38
2011-02-02,836.13,864.38,835.5,862.88
2011-02-01,843.5,844.88,831.63,835.38
2011-01-31,824.13,847.63,823.13,838.63
2011-01-28,847.38,849.13,824.63,824.63
2011-01-27,858.38,863.38,845.63,847.13
2011-01-26,840.63,861.13,839.5,856.88
2011-01-25,835.63,838.88,820.88,838.88
2011-01-24,829.0,839.13,823.63,835.88
2011-01-23,824.63,824.63,824.63,824.63
2011-01-21,805.13,829.88,798.75,824.75
2011-01-20,797.88,805.5,782.75,802.38
2011-01-19,793.0,807.88,792.88,798.63
2011-01-18,775.88,793.88,773.63,793.38
2011-01-17,773.38,773.38,773.38,773.38
2011-01-14,784.25,784.75,763.13,773.88
2011-01-13,775.63,787.13,769.63,781.38
2011-01-12,761.63,789.88,760.38,773.63
2011-01-11,770.38,776.88,758.63,758.63
2011-01-10,777.13,783.0,766.63,766.63
2011-01-07,788.63,793.75,772.13,772.13
2011-01-06,809.0,809.5,788.0,788.13
2011-01-05,793.38,809.88,776.63,809.88
2011-01-04,803.25,808.75,783.38,788.0
2011-01-03,793.13,824.5,793.13,805.25
2010-12-31,786.13,795.63,781.13,792.63
2010-12-30,798.75,798.75,776.88,784.75
2010-12-29,799.63,806.13,786.5,799.13
2010-12-28,779.75,801.88,779.5,799.13
2010-12-27,773.63,783.5,768.5,779.88
2010-12-24,782.63,782.63,782.63,782.63
2010-12-23,784.88,788.13,776.13,783.63
2010-12-22,763.5,785.13,756.38,783.63
2010-12-21,770.38,771.63,762.25,764.63
2010-12-20,760.25,776.38,759.88,769.88
2010-12-17,752.88,757.5,742.38,757.5
2010-12-16,764.25,766.5,746.63,749.88
2010-12-15,761.0,776.38,759.75,763.88
2010-12-14,779.88,781.5,754.88,761.38
2010-12-13,773.88,784.75,766.38,780.5
2010-12-12,775.38,775.38,775.38,775.38
2010-12-10,788.75,797.88,774.13,775.88
2010-12-09,785.5,790.13,779.75,788.88
2010-12-08,780.63,792.38,766.38,784.13
2010-12-07,795.75,808.25,777.13,783.13
2010-12-06,786.25,798.63,774.38,794.0
2010-12-03,756.13,781.88,754.75,780.38
2010-12-02,742.38,767.13,732.75,748.13
2010-12-01,692.63,744.88,691.13,738.63
2010-11-30,692.25,697.88,686.13,689.63
2010-11-29,689.13,701.25,687.13,691.38
2010-11-26,686.38,692.63,683.75,686.63
2010-11-24,682.88,688.25,681.13,685.5
2010-11-23,686.75,690.88,673.5,678.63
2010-11-22,684.0,691.88,678.75,684.38
2010-11-19,648.13,696.75,639.38,682.25
2010-11-18,634.13,657.25,634.13,645.88
2010-11-17,627.5,646.88,619.38,632.63
2010-11-16,670.88,673.88,624.5,626.38
2010-11-15,674.75,684.63,667.63,670.13
2010-11-12,704.88,710.38,661.38,668.88
2010-11-11,708.25,722.5,701.88,704.38
2010-11-10,721.5,723.38,698.75,709.38
2010-11-09,735.75,760.38,717.75,720.38
2010-11-08,729.75,738.63,721.38,737.13
2010-11-05,720.88,731.13,705.13,729.13
2010-11-04,694.63,722.75,693.0,720.63
2010-11-03,695.75,699.25,680.63,695.13
2010-11-02,706.63,712.13,692.63,695.88
2010-11-01,727.13,727.88,701.38,706.88
2010-10-31,725.0,727.38,719.63,727.38
2010-10-29,718.63,724.88,711.75,715.75
2010-10-28,704.5,721.38,701.25,718.63
2010-10-27,699.63,707.13,687.88,704.13
2010-10-26,675.38,700.75,670.75,699.88
2010-10-25,675.75,684.63,670.13,675.25
2010-10-24,669.5,676.13,669.25,674.63
2010-10-22,671.13,675.88,665.13,670.13
2010-10-21,692.13,692.38,667.38,670.38
2010-10-20,674.75,691.75,674.13,691.75
2010-10-19,693.63,696.38,668.63,674.75
2010-10-18,706.88,708.38,688.88,692.63
2010-10-17,702.25,707.38,699.75,707.13
2010-10-15,705.63,713.63,695.13,702.63
2010-10-14,706.88,711.88,697.88,704.75
2010-10-13,712.75,721.5,695.13,705.88
2010-10-12,709.0,719.38,703.13,712.0
2010-10-11,725.25,732.88,703.13,708.88
2010-10-10,737.63,738.0,716.25,725.38
2010-10-08,662.13,721.13,657.25,719.38
2010-10-07,660.5,675.88,656.63,661.75
2010-10-06,666.75,673.13,655.13,660.38
2010-10-05,648.25,667.63,644.5,666.63
2010-10-04,653.75,655.38,643.75,648.25
2010-10-03,650.88,655.13,646.5,653.13
2010-10-01,674.88,678.25,647.13,654.38
2010-09-30,682.88,684.88,651.13,676.13
2010-09-29,685.63,688.13,663.5,683.25
2010-09-28,702.25,707.63,683.88,685.75
2010-09-27,728.88,730.75,700.25,701.38
2010-09-26,721.63,728.88,721.13,728.63
2010-09-24,698.13,722.88,698.13,719.88
2010-09-23,716.13,717.13,693.38,698.63
2010-09-22,723.5,731.38,713.63,715.88
2010-09-21,727.63,733.88,716.75,723.63
2010-09-20,744.5,756.75,727.13,727.13
2010-09-19,739.63,744.88,738.25,744.88
2010-09-17,725.13,742.63,724.88,738.25
2010-09-16,729.63,737.25,711.88,724.88
2010-09-15,737.5,743.88,723.25,730.38
2010-09-14,746.75,750.63,730.88,737.38
2010-09-13,735.13,753.38,735.0,747.5
2010-09-12,737.63,738.63,732.63,734.88
2010-09-10,734.5,744.25,717.63,737.38
2010-09-09,713.88,742.63,706.13,734.63
2010-09-08,733.0,735.25,708.63,713.63
2010-09-07,741.38,746.5,727.38,733.88
2010-09-06,741.13,748.25,737.0,741.5
2010-09-05,741.13,741.13,741.13,741.13
2010-09-03,715.13,741.75,714.13,741.75
2010-09-02,708.25,722.63,707.5,715.13
2010-09-01,689.38,711.25,688.63,707.75
2010-08-31,702.13,713.88,683.75,689.38
2010-08-30,705.0,728.63,697.5,701.88
2010-08-29,694.25,705.88,694.25,704.75
2010-08-27,694.38,704.75,687.38,693.38
2010-08-26,685.88,697.38,685.25,694.88
2010-08-25,704.25,716.13,679.38,685.88
2010-08-24,722.5,722.75,700.63,704.25
2010-08-23,712.88,729.0,712.5,722.38
2010-08-22,711.25,713.38,709.63,713.25
2010-08-20,724.25,728.88,704.38,711.25
2010-08-19,661.13,730.63,661.0,723.88
2010-08-18,655.88,665.13,645.0,661.25
2010-08-17,666.13,676.5,649.63,655.25
2010-08-16,694.13,708.63,656.38,666.0
2010-08-15,701.25,702.38,691.13,694.5
2010-08-13,717.75,724.38,701.13,701.13
2010-08-12,693.0,734.25,692.38,717.13
2010-08-11,705.0,709.38,680.63,693.25
2010-08-10,709.88,718.13,690.38,705.13
2010-08-09,693.38,737.88,686.88,710.0
2010-08-08,725.63,725.63,684.75,693.13
2010-08-06,815.5,840.88,725.38,726.63
2010-08-05,726.13,826.38,724.63,815.63
2010-08-04,679.25,731.63,678.38,726.25
2010-08-03,691.88,697.38,675.25,679.38
2010-08-02,662.38,710.63,661.88,693.0
2010-08-01,660.75,663.88,657.75,662.25
2010-07-30,634.25,662.63,630.88,661.38
2010-07-27,585.75,601.75,582.63,595.63
2010-07-26,593.63,595.13,584.75,586.13
2010-07-25,596.25,596.25,596.25,596.25
2010-07-23,593.75,603.5,593.38,595.75
2010-07-22,585.63,609.88,584.0,593.63
2010-07-21,575.63,593.88,574.25,585.75
2010-07-20,577.25,580.63,572.88,575.5
2010-07-19,593.75,597.5,575.38,577.88
2010-07-18,588.88,595.63,581.13,593.63
2010-07-16,597.0,597.38,579.0,588.25
2010-07-15,556.25,598.38,555.63,596.88
2010-07-14,549.13,565.13,545.38,556.88
2010-07-13,533.63,550.88,530.88,549.38
2010-07-12,536.25,541.38,533.38,533.5
2010-07-11,537.5,537.5,534.25,536.38
2010-07-09,544.63,545.13,533.13,537.88
2010-07-08,530.0,549.0,524.63,544.5
2010-07-07,507.25,531.88,506.25,530.0
2010-07-06,504.5,525.88,504.13,507.25
2010-07-05,502.63,504.38,500.13,504.38
2010-07-04,502.63,502.63,502.63,502.63
2010-07-02,497.38,507.88,495.88,503.38
2010-07-01,479.38,503.63,475.38,496.88
2010-06-30,459.63,486.63,459.63,479.25
2010-06-29,457.75,459.88,455.13,456.63
2010-06-28,467.88,468.13,459.63,464.5
2010-06-25,478.25,478.88,470.38,471.13
2010-06-24,478.25,483.63,474.88,477.88
2010-06-23,476.63,481.88,475.13,475.75
2010-06-22,477.38,478.63,472.38,476.13
2010-06-21,484.5,484.63,472.13,477.38
2010-06-18,477.63,485.88,475.25,476.5
2010-06-17,460.63,479.13,453.75,479.13
2010-06-16,451.88,467.88,451.63,460.88
2010-06-15,450.88,456.13,446.0,451.88
2010-06-14,447.0,454.63,444.0,451.38
2010-06-13,442.63,447.63,441.63,446.88
2010-06-11,433.88,448.5,427.75,440.13
2010-06-10,427.38,437.38,427.25,433.63
2010-06-09,432.13,435.88,425.63,427.38
2010-06-08,433.38,436.38,431.38,432.38
2010-06-07,435.38,438.38,431.38,433.13
2010-06-06,435.38,436.38,434.88,435.63
2010-06-04,443.88,444.13,435.38,435.38
2010-06-03,444.25,447.75,440.75,444.13
2010-06-02,451.38,454.38,442.13,444.38
2010-06-01,458.25,461.13,449.13,451.5
2010-05-31,458.0,459.38,457.13,458.38
2010-05-30,457.63,457.63,457.63,457.63
2010-05-28,469.88,473.38,456.63,457.38
2010-05-27,461.63,473.13,461.38,470.0
2010-05-26,462.38,471.13,458.63,461.63
2010-05-25,466.38,466.5,456.38,462.5
2010-05-24,472.13,475.63,465.38,466.13
2010-05-23,472.88,473.25,471.88,472.25
2010-05-21,467.75,474.88,466.88,472.13
2010-05-20,470.88,472.0,461.63,467.13
2010-05-19,467.0,471.88,465.5,470.75
2010-05-18,469.88,473.38,466.13,467.13
2010-05-17,471.13,474.13,466.38,469.75
2010-05-16,471.13,471.38,470.63,471.13
2010-05-14,480.88,481.13,471.13,471.88
2010-05-13,490.63,492.75,477.88,480.63
2010-05-12,493.25,508.13,490.38,490.5
2010-05-11,493.25,497.88,489.13,493.63
2010-05-10,508.0,514.38,491.63,493.88
2010-05-09,510.88,511.75,506.13,508.13
2010-05-07,503.5,516.88,498.75,508.38
2010-05-06,512.0,513.88,500.38,503.63
2010-05-05,512.63,513.13,502.38,512.38
2010-05-04,500.5,513.0,493.38,512.38
2010-05-03,502.0,507.5,491.63,500.38
2010-04-30,495.13,505.13,493.38,505.13
2010-04-29,489.63,507.38,488.88,495.25
2010-04-28,489.63,495.88,482.38,489.88
2010-04-27,488.13,492.88,484.88,489.75
2010-04-26,505.88,514.63,485.63,488.38
2010-04-25,503.63,506.13,503.25,505.25
2010-04-23,508.38,511.88,502.13,507.0
2010-04-22,499.75,511.63,493.13,508.5
2010-04-21,498.75,502.13,493.88,499.63
2010-04-20,481.75,499.38,481.63,498.88
2010-04-19,499.75,501.13,478.63,481.38
2010-04-18,500.38,500.38,499.13,499.88
2010-04-16,480.38,491.13,477.63,489.5
2010-04-15,473.75,482.63,473.75,480.38
2010-04-14,476.38,481.88,470.63,473.88
2010-04-13,465.88,476.38,463.88,476.13
2010-04-12,466.13,474.25,466.13,467.13
2010-04-09,476.25,478.38,462.88,466.13
2010-04-08,470.25,473.13,467.13,469.13
2010-04-07,463.38,476.38,456.38,475.5
2010-04-06,451.38,469.88,450.25,463.38
2010-04-05,454.38,454.63,447.13,453.5
2010-04-01,450.88,456.13,449.75,456.13
2010-03-31,473.25,473.25,450.38,450.38
2010-03-30,465.63,473.38,464.13,473.38
2010-03-29,464.63,469.63,464.13,464.38
2010-03-26,465.5,467.88,464.13,464.88
2010-03-25,476.13,476.13,464.63,466.13
2010-03-24,474.13,478.63,472.38,476.0
2010-03-23,484.75,487.38,475.88,475.88
2010-03-22,484.63,492.63,482.38,487.13
2010-03-19,489.5,490.5,483.13,484.75
2010-03-18,488.88,492.63,484.63,489.38
2010-03-17,487.13,498.13,486.13,495.88
2010-03-16,482.13,488.88,482.13,487.38
2010-03-15,485.13,486.63,477.63,478.63
2010-03-12,481.88,485.88,479.13,485.13
2010-03-11,478.38,481.38,475.63,478.38
2010-03-10,488.88,491.88,478.88,481.13
2010-03-09,494.38,494.38,488.13,489.38
2010-03-08,493.13,498.63,493.13,494.63
2010-03-05,507.38,508.25,492.38,493.13
2010-03-04,516.38,516.38,499.38,502.88
2010-03-03,504.0,517.38,504.0,515.63
2010-03-02,504.75,509.63,498.38,504.0
2010-03-01,519.63,519.63,498.5,504.75
2010-02-26,503.5,519.88,503.5,519.13
2010-02-25,513.88,513.88,502.13,503.88
2010-02-24,505.88,515.88,505.88,514.13
2010-02-23,513.13,515.13,505.13,506.13
2010-02-22,503.13,517.5,499.38,513.13
2010-02-19,483.38,490.13,482.63,488.88
2010-02-18,498.13,498.13,483.13,483.88
2010-02-17,501.88,502.38,492.63,494.88
2010-02-16,498.63,508.88,498.63,504.88
2010-02-12,484.25,487.25,480.5,485.63
2010-02-11,495.13,501.38,486.63,491.5
2010-02-10,482.63,502.88,480.88,496.88
2010-02-09,484.38,488.38,476.88,482.25
2010-02-08,479.13,488.88,478.63,484.38
2010-02-05,477.0,477.0,467.13,474.13
2010-02-04,467.38,481.88,466.63,475.63
2010-02-03,485.38,485.5,468.5,470.13
2010-02-02,481.0,492.38,479.75,487.0
2010-02-01,475.0,483.63,473.63,474.38
2010-01-31,473.13,473.13,473.13,473.13
2010-01-29,486.38,487.88,473.13,473.13
2010-01-28,485.13,489.13,483.13,487.0
2010-01-27,492.38,493.63,483.13,484.75
2010-01-26,497.75,497.75,491.63,493.0
2010-01-25,498.38,503.88,496.5,497.88
2010-01-22,500.38,501.88,495.13,498.13
2010-01-21,498.25,500.38,493.13,500.38
2010-01-20,499.38,499.38,485.38,488.88
2010-01-19,509.88,509.88,497.0,499.25
2010-01-18,509.88,509.88,509.88,509.88
2010-01-15,527.13,527.13,509.38,509.88
2010-01-14,534.88,534.88,526.13,527.13
2010-01-13,537.88,537.88,519.63,535.13
2010-01-12,574.25,574.25,520.88,537.88
2010-01-11,568.13,574.5,563.88,574.25
2010-01-08,556.63,569.63,553.88,568.13
2010-01-07,567.0,567.0,556.38,556.63
2010-01-06,552.63,567.63,551.25,567.13
2010-01-05,557.63,559.88,552.13,552.63
2010-01-04,540.75,561.13,540.75,557.63
2010-01-01,540.75,540.75,540.75,540.75
2009-12-31,543.63,549.88,540.63,541.13
2009-12-30,540.75,549.88,540.63,543.75
2009-12-29,550.38,553.63,540.13,540.5
2009-12-28,525.75,550.63,525.75,550.38
2009-12-25,525.75,525.75,525.75,525.75
2009-12-24,529.63,529.63,521.0,525.75
2009-12-23,522.25,529.63,522.25,529.63
2009-12-22,519.5,524.75,515.63,522.38
2009-12-21,527.13,529.38,519.13,519.38
2009-12-20,527.13,527.13,527.13,527.13
2009-12-18,522.63,528.88,515.13,527.13
2009-12-17,539.38,539.38,514.38,522.63
2009-12-16,536.13,542.38,527.88,539.5
2009-12-15,543.88,543.88,536.13,536.13
2009-12-14,538.0,547.88,534.13,543.63
2009-12-13,538.0,538.0,538.0,538.0
2009-12-11,539.13,542.13,530.5,538.0
2009-12-10,532.38,543.88,530.13,538.13
2009-12-09,539.63,544.13,532.63,534.63
2009-12-08,546.75,547.38,537.63,539.63
2009-12-07,555.13,559.88,547.63,547.63
2009-12-06,557.63,557.63,557.63,557.63
2009-12-04,569.13,569.13,555.63,557.38
2009-12-03,576.13,579.38,569.38,571.0
2009-12-02,583.88,583.88,570.88,576.63
2009-12-01,586.5,597.88,580.13,583.75
2009-11-30,576.13,589.88,575.75,586.5
2009-11-29,569.13,569.13,569.13,569.13
2009-11-27,569.13,571.75,559.13,569.25
2009-11-25,565.38,575.13,555.88,569.25
2009-11-24,578.38,578.38,552.13,553.38
2009-11-23,579.5,600.38,577.88,578.38
2009-11-22,579.5,579.5,579.5,579.5
2009-11-20,562.63,562.63,553.88,558.13
2009-11-19,565.13,571.13,551.38,562.75
2009-11-18,574.5,583.13,565.13,565.13
2009-11-17,556.75,575.38,555.75,574.5
2009-11-16,539.5,563.63,539.5,562.38
2009-11-15,539.5,539.5,539.5,539.5
2009-11-13,531.13,540.13,531.13,539.63
2009-11-12,530.38,541.63,522.25,531.13
2009-11-11,521.38,539.38,521.38,530.38
2009-11-10,511.38,526.75,507.88,521.63
2009-11-09,497.88,523.88,497.88,519.75
2009-11-08,497.88,497.88,497.88,497.88
2009-11-06,512.13,512.13,496.63,497.88
2009-11-05,521.75,521.75,510.88,512.25
2009-11-04,517.88,527.75,505.63,521.75
2009-11-02,496.38,518.13,495.63,514.63
2009-11-01,493.63,493.63,493.63,493.63
2009-10-30,504.38,504.38,488.13,493.63
2009-10-29,493.88,511.13,493.88,504.38
2009-10-28,495.75,508.63,493.63,493.88
2009-10-27,527.25,527.25,502.88,502.88
2009-10-26,547.38,558.38,526.13,527.13
2009-10-25,547.38,547.38,547.38,547.38
2009-10-23,552.13,574.63,547.0,547.0
2009-10-22,542.0,555.63,541.63,552.38
2009-10-21,519.0,548.13,519.0,542.38
2009-10-20,517.5,526.63,509.0,518.88
2009-10-19,497.5,522.63,497.5,517.5
2009-10-18,497.5,497.5,497.5,497.5
2009-10-16,505.38,506.63,495.63,497.75
2009-10-15,513.5,513.63,496.5,505.38
2009-10-14,512.88,528.5,505.13,513.5