Date,Close,Open,High,Low
2020/4/26,3822.77,3808.02,3842.87,3793.77
2020/4/19,3796.97,3845.46,3857.47,3780
2020/4/12,3839.49,3751.71,3863.45,3740.19
2020/4/5,3769.18,3779.91,3824.74,3758.96
2020/3/29,3713.22,3657.46,3738.83,3637.59
2020/3/22,3710.06,3542.68,3758.78,3523.79
2020/3/15,3653.22,3899.86,3899.86,3503.19
2020/3/8,3895.31,4063.08,4093,3765.15
2020/3/1,4138.51,3968.84,4215.85,3968.84
2020/2/23,3940.05,4131.84,4149.01,3928.07
2020/2/16,4149.49,3999.65,4184.44,3999.65
2020/2/9,3987.73,3872.37,4001.56,3861.01
2020/2/2,3899.87,3639.91,3914.91,3639.91
2020/1/26,4003.9,4003.9,4003.9,4003.9
2020/1/19,4003.9,4170.74,4185.96,3972.39
2020/1/12,4154.85,4166.93,4223.51,4141.64
2020/1/5,4163.18,4120.52,4180.98,4101.98
2019/12/29,4144.96,4015.52,4172.66,4001.5
2019/12/22,4022.03,4014.69,4066.8,3963.67
2019/12/15,4017.25,3970.71,4067.14,3953.51
2019/12/8,3968.22,3909.53,3969.46,3882.09
2019/12/1,3902.39,3835.51,3902.39,3811.63
2019/11/24,3828.67,3850.97,3899.11,3804.83
2019/11/17,3849.99,3874.44,3947.04,3833.5
2019/11/10,3877.09,3948.62,3948.62,3877.09
2019/11/3,3973.01,3964.01,4030.64,3964.01
2019/10/27,3952.39,3904.98,3956.08,3876.42
2019/10/20,3896.79,3865.34,3901.42,3849.03
2019/10/13,3869.38,3944.86,3983.81,3864.97
2019/10/6,3911.73,3818.59,3922.37,3805.07
2019/9/29,3814.53,3842.07,3857.23,3813.55
2019/9/22,3852.65,3925.19,3927.01,3832.25
2019/9/15,3935.65,3981.36,3982.2,3879.49
2019/9/8,3972.38,3980.96,3985.24,3922.95
2019/9/1,3948.51,3803.69,3970,3799.82
2019/8/25,3799.59,3756.36,3848.24,3753.16
2019/8/18,3820.86,3736.03,3829.36,3720.69
2019/8/11,3710.54,3647.87,3738.1,3612.11
2019/8/4,3633.53,3724.41,3739.5,3575.86
2019/7/28,3747.44,3857.94,3890.73,3720.06
2019/7/21,3858.57,3813.5,3863.59,3765.44
2019/7/14,3807.96,3792.64,3844.87,3745.85
2019/7/7,3808.73,3875.75,3875.75,3774.23
2019/6/30,3893.2,3899.33,3942.43,3854.69
2019/6/23,3825.59,3836.31,3854.08,3755.01
2019/6/16,3833.94,3654.44,3856.09,3638.78
2019/6/9,3654.88,3578.01,3723.14,3568.28
2019/6/2,3564.68,3640.61,3672.81,3557.02
2019/5/26,3629.79,3592.6,3693.23,3556.26
2019/5/19,3593.91,3635.74,3690.09,3578.11
2019/5/12,3648.76,3675.76,3745.36,3630.44
2019/5/5,3730.45,3775.08,3791.61,3584.82
2019/4/28,3913.21,3896.58,3953.23,3875.45
2019/4/21,3889.27,4125.97,4126.09,3887.25
2019/4/14,4120.61,4056.49,4120.64,3943.49
2019/4/7,3988.62,4097.1,4122.6,3961.46
2019/3/31,4062.23,3901.17,4072.11,3901.17
2019/3/24,3872.34,3776.44,3876.38,3687.55
2019/3/17,3833.8,3753.64,3868.34,3733.68
2019/3/10,3745.01,3663.98,3804.72,3650.81
2019/3/3,3657.58,3783.04,3886.58,3656.19
2019/2/24,3749.71,3575.85,3762.11,3574.69
2019/2/17,3520.12,3366.42,3520.12,3366.42
2019/2/10,3338.7,3239.81,3415.4,3239.81
2019/1/27,3247.4,3203.12,3247.5,3148.23
2019/1/20,3184.47,3170.88,3203.17,3125.3
2019/1/13,3168.17,3092.5,3171.69,3064.38
2019/1/6,3094.78,3055.15,3117.96,3035.91
2018/12/30,3035.87,3017.07,3036.81,2935.83
2018/12/23,3010.65,3015.5,3047.23,2964.88
2018/12/16,3029.4,3158.28,3167.51,3007.61
2018/12/9,3165.91,3153.52,3234.08,3134.38
2018/12/2,3181.56,3260.69,3273.64,3176.71
2018/11/25,3172.69,3148.67,3204.86,3126.29
2018/11/18,3143.48,3258.79,3294.6,3139.39
2018/11/11,3257.67,3160.25,3282.39,3152.44
2018/11/4,3167.44,3269.47,3279.88,3166.31
2018/10/28,3290.25,3157.49,3290.25,3050.77
2018/10/21,3173.64,3159.56,3297.38,3099.89
2018/10/14,3134.95,3173.85,3183.13,3009.5
2018/10/7,3170.73,3361.56,3364.46,3094.97
2018/9/23,3438.86,3375.97,3448.26,3367.03
2018/9/16,3410.49,3224.93,3410.49,3193.64
2018/9/9,3242.09,3271.38,3277.88,3191.4
2018/9/2,3277.64,3320.69,3370.96,3253.72
2018/8/26,3334.5,3339.39,3416.59,3310.87
2018/8/19,3325.33,3238.22,3353.04,3209.01
2018/8/12,3229.62,3369.98,3396.19,3224.1
2018/8/5,3405.02,3312.82,3424.04,3257.69
2018/7/29,3315.28,3520.85,3550.9,3315.2
2018/7/22,3521.23,3471.86,3596.51,3464.65
2018/7/15,3492.89,3488.97,3506.24,3398.95
2018/7/8,3492.69,3378.91,3499.76,3375.14
2018/7/1,3365.12,3504.46,3506.9,3295.73
2018/6/24,3510.98,3625.8,3631.03,3416.95
2018/6/17,3608.9,3702.67,3712.82,3542.46
2018/6/10,3753.43,3770.21,3830.47,3737.43
2018/6/3,3779.62,3785.19,3859.85,3759.27
2018/5/27,3770.59,3816.26,3846.55,3722.07
2018/5/20,3816.5,3925.54,3937.46,3804.13
2018/5/13,3903.06,3886.87,3924.34,3841.9
2018/5/6,3872.84,3782.54,3903.34,3776.03
2018/4/29,3774.6,3769.93,3801.52,3732.37
2018/4/22,3756.88,3754.69,3854.43,3714.64
2018/4/15,3760.85,3862.47,3869.16,3708.11
2018/4/8,3871.14,3851.95,3958.71,3827.41
2018/4/1,3854.86,3897.01,3937.02,3839.93
2018/3/25,3898.5,3862.69,3936.78,3794.26
2018/3/18,3904.94,4054.62,4110.12,3834.94
2018/3/11,4056.42,4130.71,4139.53,4055.82
2018/3/4,4108.87,4021.66,4110.67,3995.87
2018/2/25,4016.46,4093.4,4128.74,3986.89
2018/2/18,4071.09,4020.97,4085.2,4009.92
2018/2/11,3966.96,3846.27,3986.98,3828.07
2018/2/4,3840.65,4204.46,4274.15,3759.15
2018/1/28,4271.23,4387.06,4395.91,4181.78
2018/1/21,4381.3,4276.48,4403.34,4275.9
2018/1/14,4285.4,4229.84,4316.57,4213.13
2018/1/7,4225,4140.85,4227.39,4127.31
2017/12/31,4138.75,4045.21,4151.28,4045.21
2017/12/24,4030.85,4057.42,4086.93,3980.24
2017/12/17,4054.6,3983.3,4080.78,3967.93
2017/12/10,3980.86,4006.88,4070.15,3974.93
2017/12/3,4003.38,3989.05,4045.93,3955.44
2017/11/26,3998.14,4088.93,4088.93,3984.38
2017/11/19,4104.2,4093.73,4260.64,4057.49
2017/11/12,4120.85,4115.55,4137.65,4055.72
2017/11/5,4111.91,3989.18,4116.71,3975.41
2017/10/29,3992.7,4022.16,4033.34,3960.27
2017/10/22,4021.97,3930.89,4024.46,3920.66
2017/10/15,3926.85,3926.28,3947.42,3900.48
2017/10/8,3921,3910.11,3927.17,3855.47
2017/9/24,3836.5,3829.22,3852.22,3808.38
2017/9/17,3837.73,3832.96,3862.36,3816.82
2017/9/10,3831.3,3828.34,3854.49,3817.51
2017/9/3,3825.99,3828.54,3865.29,3813.55
2017/8/27,3830.54,3805.66,3866.94,3800.89
2017/8/20,3795.75,3731.84,3795.97,3728.62
2017/8/13,3724.67,3651.38,3733.49,3651.38
2017/8/6,3647.35,3701.22,3746.86,3645.09
2017/7/30,3707.58,3722.43,3784.35,3707
2017/7/23,3721.89,3724.38,3755.19,3672.5
2017/7/16,3728.6,3700.62,3751.69,3621.37
2017/7/9,3703.09,3647.94,3703.09,3640.59
2017/7/2,3655.93,3667.23,3667.6,3610.46
2017/6/25,3666.8,3627.02,3676.53,3627.02
2017/6/18,3622.88,3520.06,3635.53,3520.06
2017/6/11,3518.76,3570.22,3603.69,3508.95
2017/6/4,3576.17,3480.17,3590.89,3460.45
2017/5/28,3486.51,3495.07,3515.08,3470.2
2017/5/21,3480.43,3400.59,3498.31,3383.89
2017/5/14,3403.85,3391.59,3433.97,3373.55
2017/5/7,3385.38,3369.11,3387.27,3312.89
2017/4/30,3382.55,3427.92,3436.31,3366.56
2017/4/23,3439.75,3458.23,3466.57,3399.54
2017/4/16,3466.79,3475.74,3489.08,3418.51
2017/4/9,3486.5,3519.46,3523.1,3466.14
2017/4/2,3517.46,3476.42,3526.82,3475.15
2017/3/26,3456.05,3488.76,3505.98,3422.37
2017/3/19,3489.6,3449.05,3499.32,3429.83
2017/3/12,3445.81,3425.67,3492.13,3412.69
2017/3/5,3427.89,3427.25,3457.04,3414.68
2017/2/26,3427.86,3471.13,3472.84,3412.83
2017/2/19,3473.85,3421.64,3492.96,3421.64
2017/2/12,3421.44,3416.92,3457.56,3416.87
2017/2/5,3413.49,3368.11,3422.33,3347.43
2017/1/29,3364.49,3390.93,3392.48,3362.57
2017/1/22,3387.96,3359.05,3395.88,3355.85
2017/1/15,3354.89,3314.15,3358.41,3264.21
2017/1/8,3319.91,3345.75,3370.51,3309.37
2017/1/1,3347.67,3313.95,3373.41,3313.95
2016/12/25,3310.08,3293.22,3330.23,3267.05
2016/12/18,3307.6,3342.34,3344.86,3289.27
2016/12/11,3346.03,3489.27,3495.8,3327.14
2016/12/4,3493.7,3473.69,3507.93,3445.76
2016/11/27,3528.95,3538.68,3583.72,3516.79
2016/11/20,3521.3,3412.65,3521.3,3412.08
2016/11/13,3417.46,3409.22,3452.62,3408.14
2016/11/6,3417.22,3353.44,3422.67,3322.08
2016/10/30,3354.17,3332.41,3379.99,3317.33
2016/10/23,3340.13,3332.51,3382.83,3330.97
2016/10/16,3327.74,3305.96,3341.56,3271.54
2016/10/9,3305.85,3265.36,3308,3258.96
2016/9/25,3253.28,3267.69,3267.69,3214.44
2016/9/18,3275.67,3242.74,3303.2,3242.74
2016/9/11,3238.73,3271.87,3276.72,3231.34
2016/9/4,3318.04,3321.01,3357.36,3300.13
2016/8/28,3314.11,3306.57,3333.97,3295.76
2016/8/21,3307.09,3364.68,3372.83,3279.81
2016/8/14,3365.02,3303.47,3418.69,3302.38
2016/8/7,3294.23,3199.57,3294.23,3187.25
2016/7/31,3205.11,3196.43,3224.87,3156.75
2016/7/24,3203.93,3220.17,3276.51,3157.41
2016/7/17,3225.16,3269.71,3281.64,3220.89
2016/7/10,3276.28,3199.04,3300.99,3197.63
2016/7/3,3192.28,3136.39,3220.54,3134.02
2016/6/26,3154.2,3065.13,3170.26,3064.97
2016/6/19,3077.16,3114.91,3155.49,3033.97
2016/6/12,3110.36,3134.05,3145.61,3042.23
2016/6/5,3163.99,3192.78,3197.22,3148.35
2016/5/29,3189.33,3056.31,3201.75,3037.66
2016/5/22,3062.5,3078.51,3098.48,3027.44
2016/5/15,3078.22,3064.53,3105.2,3039.46
2016/5/8,3074.94,3115.43,3115.43,3035.02
2016/5/1,3130.35,3159.82,3222.88,3130.15
2016/4/24,3156.75,3164.74,3188.83,3135.64
2016/4/17,3174.9,3252.67,3252.67,3107.37
2016/4/10,3272.21,3213.51,3296.52,3198.9
2016/4/3,3185.73,3211.3,3271.93,3163.3
2016/3/27,3221.89,3206.95,3241.93,3122.76
2016/3/20,3197.82,3203.29,3267.78,3174.32
2016/3/13,3171.96,3039.57,3197.67,3028.58
2016/3/6,3018.28,3109,3130.9,2982.17
2016/2/28,3093.89,2939.58,3101.66,2821.21
2016/2/21,2948.03,3083.93,3128.21,2902.95
2016/2/14,3051.59,2888.43,3093.51,2886.02
2016/1/31,2963.79,2939.04,2999.21,2869.56
2016/1/24,2946.09,3129.03,3149.33,2839.29
2016/1/17,3113.46,3068.23,3227.91,3053.96
2016/1/10,3118.73,3303.12,3342.48,3072.04
2016/1/3,3361.56,3725.86,3726.24,3237.93
2015/12/27,3731,3847.53,3853.39,3710.48
2015/12/20,3838.2,3762.1,3926.69,3759.99
2015/12/13,3767.91,3573.88,3810.22,3571
2015/12/6,3608.06,3681.58,3699.34,3578.15
2015/11/29,3677.59,3554.89,3758.45,3455.07
2015/11/22,3556.99,3774.44,3805.84,3534.39
2015/11/15,3774.38,3682.73,3852.77,3680.07
2015/11/8,3746.24,3796.38,3891.77,3727.58
2015/11/1,3793.37,3489.23,3801.7,3452.62
2015/10/25,3534.08,3614.7,3620.76,3486.1
2015/10/18,3571.24,3548.95,3601.24,3417.41
2015/10/11,3534.07,3351.14,3537.54,3347.25
2015/10/4,3340.12,3324.98,3352.38,3293.97
2015/9/27,3202.95,3226.61,3246.55,3159.04
2015/9/20,3231.95,3222.6,3371.41,3201.91
2015/9/13,3251.27,3367.64,3373.92,3131.37
2015/9/6,3347.19,3347.29,3426.65,3170.81
2015/8/30,3365.83,3307.4,3387.02,3190.58
2015/8/23,3342.29,3454.6,3468.15,2952.01
2015/8/16,3589.54,4058.11,4103.05,3578.17
2015/8/9,4073.54,3947.47,4113.16,3932.84
2015/8/2,3906.94,3766.07,3962.28,3742.58
2015/7/26,3816.7,4097.8,4156.31,3627.42
2015/7/19,4176.28,4157.06,4299.65,4081.7
2015/7/12,4151.5,4132.23,4278.16,3856.32
2015/7/5,4106.56,4218.27,4218.27,3537.83
2015/6/28,3885.92,4446.84,4526.13,3785.9
2015/6/21,4336.19,4641.42,4919.26,4278.68
2015/6/14,4637.05,5354.01,5362.45,4634.69
2015/6/7,5335.12,5259.41,5380.43,5202.59
2015/5/31,5230.55,4862.76,5288.34,4835.77
2015/5/24,4840.83,4949.11,5226.84,4665.52
2015/5/17,4951.34,4582.06,4951.99,4565.06
2015/5/10,4617.47,4582.09,4758,4535.15
2015/5/3,4558.4,4757.64,4795.91,4445.59
2015/4/26,4749.89,4753.87,4839.08,4695.79
2015/4/19,4702.64,4615.03,4782.04,4492.6
2015/4/12,4596.14,4394.05,4630.27,4335.63
2015/4/5,4344.42,4213.89,4351.69,4197.02
2015/3/29,4170.54,3999.02,4170.56,3999.02
2015/3/22,3971.7,3923.08,3993.03,3883.78
2015/3/15,3892.57,3641.77,3916.86,3621.12
2015/3/8,3617.66,3449.7,3641.39,3417.49
2015/3/1,3478.52,3603.45,3608.69,3467.68
2015/2/22,3572.84,3529.55,3594.81,3456.87
2015/2/15,3522.32,3473.29,3536.82,3466.61
2015/2/8,3469.83,3305.73,3509.51,3298.6
2015/2/1,3312.42,3360.19,3487.95,3285.93
2015/1/25,3434.39,3580.12,3616.26,3431.94
2015/1/18,3571.73,3414.01,3627.81,3325.68
2015/1/11,3635.15,3531.51,3662.16,3461.32
2015/1/4,3546.72,3566.09,3689.75,3536.39
2014/12/28,3533.7,3502.18,3542.34,3405.84
2014/12/21,3445.84,3396.25,3455.21,3188.49
2014/12/14,3383.17,3176.83,3397.18,3143.3
2014/12/7,3193.23,3108.27,3387.83,3058.19
2014/11/30,3124.89,2825.61,3195.8,2804.29
2014/11/23,2808.82,2614.16,2809.54,2602.94
2014/11/16,2583.45,2613.51,2614.09,2522.84
2014/11/9,2581.09,2529.83,2607.52,2514.71
2014/11/2,2502.15,2515.82,2541.55,2482.98
2014/10/26,2508.32,2377.54,2512.19,2361.68
2014/10/19,2390.71,2448.45,2459.26,2385.72
2014/10/12,2441.73,2457.41,2480.3,2410.4
2014/10/5,2466.79,2460.87,2488.11,2445.27
2014/9/28,2450.99,2443.91,2454.89,2435.61
2014/9/21,2437.2,2419.33,2462.67,2374.11
2014/9/14,2425.21,2433,2442.92,2379.09
2014/9/7,2438.36,2452.23,2461.47,2412.62
2014/8/31,2449.26,2340.93,2450.63,2338.53
2014/8/24,2338.29,2367.02,2367.61,2309.64
2014/8/17,2365.36,2366.27,2379.8,2333.3
2014/8/10,2360.64,2338.01,2370.51,2333.12
2014/8/3,2331.13,2336.63,2380.77,2319.29
2014/7/27,2329.4,2272.38,2371.5,2272.38
2014/7/20,2260.45,2164.22,2260.89,2158.95
2014/7/13,2164.14,2149.54,2183.25,2145.28
2014/7/6,2148.01,2178.55,2186.2,2134.8
2014/6/29,2178.7,2152.31,2184.96,2152.31
2014/6/22,2150.26,2137.93,2159.53,2126.03
2014/6/15,2136.73,2176.44,2196.34,2119.5
2014/6/8,2176.24,2128.22,2183.64,2126.66
2014/6/1,2134.72,2157.64,2168.99,2117.31
2014/5/25,2156.46,2161.89,2178.09,2142.01
2014/5/18,2148.41,2139.36,2160.91,2096.51
2014/5/11,2145.95,2150.31,2185.05,2132.19
2014/5/4,2133.91,2152.59,2173.62,2120.59
2014/4/27,2158.66,2165.77,2171.39,2131.78
2014/4/20,2167.83,2209.94,2231.71,2165.07
2014/4/13,2224.48,2267.94,2275.83,2203.05
2014/4/6,2270.67,2179.92,2290.74,2178.91
2014/3/30,2185.47,2156.05,2196.14,2134.42
2014/3/23,2151.97,2161.9,2191.49,2144.58
2014/3/16,2158.8,2132.79,2163.22,2077.76
2014/3/9,2122.84,2149.68,2149.68,2088.73
2014/3/2,2168.36,2173.91,2194.22,2136.45
2014/2/23,2178.97,2246.72,2246.72,2133.55
2014/2/16,2264.29,2308.79,2331.7,2250.65
2014/2/9,2295.57,2221.54,2307.47,2221.54
2014/2/2,2212.48,2187.34,2212.5,2177.12
2014/1/26,2202.45,2233.01,2233.26,2200.22
2014/1/19,2245.68,2173.65,2257.36,2156.46
2014/1/12,2178.49,2207,2227.26,2175.88
2014/1/5,2204.85,2286.37,2286.37,2200.22
2013/12/29,2290.78,2313.38,2333.07,2280.89
2013/12/22,2303.48,2283.8,2315.18,2259.57
2013/12/15,2278.14,2408.68,2412.73,2278.1
2013/12/8,2406.64,2460.03,2468.95,2386.25
2013/12/1,2452.29,2423.97,2486.64,2397.01
2013/11/24,2438.94,2385.78,2460.56,2380.41
2013/11/17,2397.96,2367.88,2435.43,2361.04
2013/11/10,2350.73,2305.94,2377.21,2279.01
2013/11/3,2307.95,2397.21,2404.9,2306.04
2013/10/27,2384.96,2372.57,2408.62,2327.9
2013/10/20,2368.56,2431.91,2474.37,2353.99
2013/10/13,2426.05,2472.27,2483.13,2407.78
2013/10/6,2468.51,2406.41,2471.16,2392.57
2013/9/29,2409.04,2406.2,2415.07,2397.22
2013/9/22,2394.97,2441.52,2473.16,2379.86
2013/9/15,2432.51,2501.08,2503.69,2407.24
2013/9/8,2488.9,2374.26,2527.38,2372.69
2013/9/1,2357.78,2319.96,2361.18,2297.45
2013/8/25,2313.91,2294.76,2345.36,2288.5
2013/8/18,2286.93,2286.2,2353.41,2251.92
2013/8/11,2304.14,2296.22,2423.08,2293.18
2013/8/4,2286.01,2249.98,2313.88,2243.22
2013/7/28,2247.26,2205.08,2274.71,2162.98
2013/7/21,2224.01,2170.09,2276.74,2159.81
2013/7/14,2190.48,2289.76,2336.04,2188.75
2013/7/7,2275.37,2194.42,2351.22,2149.79
2013/6/30,2226.85,2187.09,2252.03,2166.35
2013/6/23,2200.64,2308.07,2308.07,2023.17
2013/6/16,2317.39,2422.76,2427.53,2269.57
2013/6/9,2416.77,2448.72,2448.72,2375.2
2013/6/2,2484.16,2605.97,2625.94,2475.69
2013/5/26,2606.43,2593.52,2661.23,2585.9
2013/5/19,2597.23,2597.15,2630.07,2572.88
2013/5/12,2592.05,2542.41,2598.71,2479.87
2013/5/5,2540.84,2502.98,2562.01,2500.45
2013/4/28,2492.91,2434.6,2521.12,2423.08
2013/4/21,2447.31,2525.11,2539.05,2439.8
2013/4/14,2533.83,2453.97,2542.45,2416.62
2013/4/7,2462.11,2443.24,2508.59,2429.5
2013/3/31,2483.55,2486.43,2524.46,2474.93
2013/3/24,2495.08,2628.41,2641.61,2482.49
2013/3/17,2618.31,2526.08,2626.54,2491.85
2013/3/10,2539.87,2600.28,2619.51,2504.46
2013/3/3,2606.93,2619.42,2658.97,2528.69
2013/2/24,2668.84,2607.15,2680.85,2564.67
2013/2/17,2596.6,2784.07,2787.74,2584.76
2013/2/3,2771.72,2753.69,2791.3,2722.87
2013/1/27,2743.32,2577.27,2744.32,2577.27
2013/1/20,2571.67,2605.65,2663.4,2564.21
2013/1/13,2595.44,2474.18,2607.45,2474
2013/1/6,2483.23,2518.05,2553.35,2473.7
2012/12/30,2524.41,2485.56,2558.53,2485.56
2012/12/23,2480.05,2368.01,2481.59,2365.41
2012/12/16,2372,2359.2,2414.22,2346.55
2012/12/9,2355.86,2254.91,2357.11,2242.56
2012/12/2,2246.76,2136.7,2250.53,2102.14
2012/11/25,2139.66,2187.24,2191.36,2109.96
2012/11/18,2192.68,2175.18,2202.47,2149.54
2012/11/11,2177.24,2242.96,2254.7,2162.98
2012/11/4,2240.92,2302.74,2318.23,2235.23
2012/10/28,2306.77,2241.8,2309.67,2227.65
2012/10/21,2247.91,2320.47,2347.89,2237.06
2012/10/14,2332.47,2306.01,2342.53,2278.46
2012/10/7,2304.53,2291.96,2332.15,2258.11
2012/9/23,2293.11,2183.97,2297.03,2172.88
2012/9/16,2199.06,2312.05,2314.99,2186.53
2012/9/9,2315.54,2320.56,2337.2,2294.82
2012/9/2,2317.18,2201.12,2341.52,2186.96
2012/8/26,2204.87,2268.49,2268.49,2188.72
2012/8/19,2275.68,2294.9,2327.38,2274.57
2012/8/12,2313.48,2394.5,2394.5,2295.16
2012/8/5,2399.75,2350.12,2413.42,2348.12
2012/7/29,2353.74,2350.78,2371.12,2325.61
2012/7/22,2349.11,2379.89,2392.35,2341.29
2012/7/15,2398.45,2452.59,2452.59,2373.65
2012/7/8,2450.63,2455.89,2470.2,2402.15
2012/7/1,2472.61,2473.55,2490.55,2420
2012/6/24,2461.61,2501.16,2501.16,2417.49
2012/6/17,2512.18,2576.63,2593.22,2502.42
2012/6/10,2568.05,2529.6,2584.71,2523.77
2012/6/3,2524.33,2598.73,2608.32,2520.41
2012/5/27,2633,2562.6,2658.26,2545.34
2012/5/20,2573.1,2572.37,2635.78,2563.97
2012/5/13,2573.98,2653.81,2656.28,2567.3
2012/5/6,2636.92,2699.45,2717.82,2636.52
2012/4/29,2715.88,2660.67,2716.03,2643.53
2012/4/22,2626.16,2624.75,2643.77,2559.46
2012/4/15,2626.84,2564.23,2627.38,2541.53
2012/4/8,2580.45,2510.53,2593.79,2459.35
2012/4/1,2519.83,2449.21,2525.53,2441.27
2012/3/25,2454.9,2551.43,2571.9,2429.73
2012/3/18,2552.94,2617.66,2631.05,2544.53
2012/3/11,2623.52,2663.24,2705.75,2575.44
2012/3/4,2664.3,2687.74,2694.61,2594.13
2012/2/26,2679.93,2658.12,2693.84,2621.86
2012/2/19,2648.02,2571.91,2648.02,2520.79
2012/2/12,2537.09,2504.41,2562.07,2496.3
2012/2/5,2533.62,2511.17,2560.03,2441.7
2012/1/29,2506.09,2508.88,2514.64,2423.45
2012/1/15,2504.09,2376.95,2510.34,2329.25
2012/1/8,2394.33,2291.18,2464.38,2271.72
2012/1/1,2290.6,2361.5,2365.99,2254.57
2011/12/25,2345.74,2345.55,2369.82,2267.11
2011/12/18,2359.16,2370.42,2412.57,2294.61
2011/12/11,2390.13,2497.92,2502.05,2332.14
2011/12/4,2503.46,2561.2,2561.2,2494.69
2011/11/27,2557.31,2578.34,2630.66,2507.18
2011/11/20,2569.97,2608.56,2617.09,2557.7
2011/11/13,2606.49,2717.54,2754,2601.18
2011/11/6,2695,2750.99,2769.3,2685.1
2011/10/30,2763.75,2704.53,2781.99,2653.72
2011/10/23,2709.02,2517.06,2729.14,2501.96
2011/10/16,2507.88,2658.95,2687.1,2500.49
2011/10/9,2653.78,2588.35,2672.91,2523.34
2011/9/25,2581.35,2645.24,2679.56,2572.19
2011/9/18,2669.48,2718.32,2778.35,2631.43
2011/9/11,2733.99,2712.44,2755.89,2677.13
2011/9/4,2751.09,2780.83,2796.35,2711.07
2011/8/28,2803.85,2875.78,2901.73,2790.77
2011/8/21,2901.22,2809.33,2907.4,2768.42
2011/8/14,2807.66,2883.17,2932.14,2782.56
2011/8/7,2875.36,2864.51,2894.22,2697.06
2011/7/31,2897.42,2969.11,2991.05,2868.16
2011/7/24,2972.08,3050.9,3050.9,2948.08
2011/7/17,3067.99,3131.8,3137.92,3058.26
2011/7/10,3128.89,3097.87,3130.78,3054.8
2011/7/3,3109.18,3064.93,3140.1,3064.93
2011/6/26,3049.74,3028.5,3071.21,2999.95
2011/6/19,3027.47,2888.93,3047.94,2862.41
2011/6/12,2892.16,2940.39,3000.53,2891.01
2011/6/5,2961.93,2977.68,3012.81,2925.87
2011/5/29,2986.35,2956.57,3006.56,2923.02
2011/5/22,2963.31,3115.31,3115.31,2962.07
2011/5/15,3121.6,3120.44,3154.93,3076.95
2011/5/8,3128.09,3126.26,3164.65,3080.19
2011/5/1,3121.4,3192.84,3212.05,3083.91
2011/4/24,3192.72,3292.48,3292.48,3147.14
2011/4/17,3299.94,3346.15,3372.9,3281.83
2011/4/10,3358.94,3363.37,3380.53,3296.51
2011/4/3,3353.36,3269.19,3353.89,3268.76
2011/3/27,3272.73,3307.41,3328.07,3210.17
2011/3/20,3294.48,3220.68,3304.26,3175.93
2011/3/13,3215.68,3238.91,3263.91,3147.96
2011/3/6,3247.38,3287.41,3355.49,3240.18
2011/2/27,3270.67,3200.68,3273.66,3178.83
2011/2/20,3197.62,3192.15,3269.05,3145.99
2011/2/13,3211.88,3123.25,3265.26,3123.25
2011/2/6,3120.96,3055.4,3133.5,3024.35
2011/1/30,3077.28,3035.42,3087.22,3032.45
2011/1/23,3036.74,2986.09,3047.27,2919.16
2011/1/16,2983.46,3067.43,3078.88,2935.14
2011/1/9,3091.86,3162.09,3182.78,3083.51
2011/1/2,3166.62,3155.56,3209.9,3141.12
2010/12/26,3128.26,3176.11,3219.66,3025.22
2010/12/19,3162.95,3239.02,3263.45,3118
2010/12/12,3225.66,3176.34,3282.77,3173.56
2010/12/5,3161.98,3168.88,3215.28,3101.08
2010/11/28,3158.16,3183.54,3206.76,3060.44
2010/11/21,3194.85,3148.22,3227.05,3061.62
2010/11/14,3178.85,3298.74,3319.98,3076.21
2010/11/7,3291.83,3534.19,3557.99,3284.35
2010/10/31,3520.8,3390.41,3554.47,3390.41
2010/10/24,3379.98,3386.85,3499.82,3351.6
2010/10/17,3378.66,3345.8,3439.22,3280
2010/10/10,3327.68,3069.19,3327.68,3069.19
2010/10/3,3044.23,2965.65,3055.84,2963.24
2010/9/26,2935.57,2869.93,2935.59,2857.42
2010/9/19,2857.48,2865.04,2872.22,2829.76
2010/9/12,2861.37,2933.59,2984.47,2834.03
2010/9/5,2932.55,2935.89,2991.43,2890.03
2010/8/29,2920.2,2874.25,2931.76,2859.17
2010/8/22,2858.57,2895.71,2933.12,2833.42
2010/8/15,2898.33,2851.22,2975.19,2843.02
2010/8/8,2855.55,2894.1,2925.3,2799.22
2010/8/1,2897.66,2868.28,2929.61,2818.25
2010/7/25,2868.85,2798.76,2888.6,2775.78
2010/7/18,2793.08,2592.09,2806.98,2585.01
2010/7/11,2616.13,2647.42,2689.81,2573.79
2010/7/4,2647.1,2507.35,2662.16,2476.49
2010/6/27,2534.11,2734.51,2751.45,2462.2
2010/6/20,2736.29,2698.98,2795.32,2686.32
2010/6/13,2696.17,2778.53,2784.92,2686.61
2010/6/6,2758.87,2692.83,2787.82,2672.06
2010/5/30,2744.39,2835.33,2857.42,2700.07
2010/5/23,2850.3,2787.75,2893.69,2771.59
2010/5/16,2768.79,2828.88,2828.88,2647.6
2010/5/9,2868.02,2842.37,2922.12,2756.42
2010/5/2,2836.79,3005.49,3056.08,2817.15
2010/4/25,3067.36,3195.46,3207.72,3014.07
2010/4/18,3190,3313.5,3313.5,3130.96
2010/4/11,3356.33,3388.36,3412.94,3324.05
2010/4/4,3379.17,3422.85,3436.29,3336.16
2010/3/28,3407.35,3295.76,3412.2,3293.67
2010/3/21,3275,3297.82,3313.92,3220.59
2010/3/14,3293.87,3231.22,3296.41,3169.1
2010/3/7,3233.13,3268.4,3322.51,3232.12
2010/2/28,3259.76,3290.01,3345.91,3239.68
2010/2/21,3281.67,3248.95,3301.15,3152.93
2010/2/7,3251.28,3152.25,3253.2,3133.81
2010/1/31,3153.09,3198.23,3242.52,3094.57
2010/1/24,3204.16,3340.01,3372.43,3168.46
2010/1/17,3366.2,3471.78,3528.39,3293.19
2010/1/10,3482.74,3593.11,3594.53,3411.81
2010/1/3,3480.13,3592.47,3597.75,3426.7
2009/12/27,3575.68,3432.82,3579.52,3432.82
2009/12/20,3424.78,3386.33,3445.7,3296.29
2009/12/13,3391.74,3572.53,3623.27,3385.68
2009/12/6,3575.02,3644.62,3672.8,3543.42
2009/11/29,3643.49,3415.08,3646.26,3415.08
2009/11/22,3382.51,3636.53,3698.13,3367.29
2009/11/15,3631.01,3541.05,3658.21,3541.05
2009/11/8,3518.72,3487.11,3532.19,3445.36
2009/11/1,3483.02,3205.84,3506.03,3198.31
2009/10/25,3280.37,3421.7,3432.89,3239.01
2009/10/18,3413.25,3238.85,3436.39,3231.81
2009/10/11,3241.71,3181.58,3287.63,3140.5
2009/10/4,3163.71,3078.75,3164.03,3071.27
2009/9/27,3004.8,3066.37,3088.08,2923.93
2009/9/20,3058.53,3163.51,3237.22,2989.24
2009/9/13,3199.69,3248.35,3330.43,3170.96
2009/9/6,3238.13,3097.79,3253.45,3047.3
2009/8/30,3077.14,3003.54,3099.39,2795.49
2009/8/23,3046.78,3222.4,3241.52,3019.12
2009/8/16,3203.62,3283.44,3319.8,2982.22
2009/8/9,3344.46,3589.72,3613.46,3334.73
2009/8/2,3555.09,3754.22,3803.06,3539.7
2009/7/26,3734.62,3680.15,3765.59,3453.64
2009/7/19,3667.56,3532.52,3687.49,3515.53
2009/7/12,3519.81,3382.57,3543.02,3358.52
2009/7/5,3398.31,3333.1,3428.03,3261.32
2009/6/28,3327.14,3132.11,3327.67,3122.16
2009/6/21,3128.42,3106.39,3141.17,3028.45
2009/6/14,3080,2911.42,3086.72,2898.07
2009/6/7,2906.29,2937.64,3000.86,2883.32
2009/5/31,2939.31,2798.93,2975.18,2798.93
2009/5/24,2759.71,2684.21,2768.57,2675.28
2009/5/17,2740.68,2782.59,2849.64,2719.12
2009/5/10,2796.12,2808.14,2839.61,2699.95
2009/5/3,2789.22,2635.13,2800.22,2632.3
2009/4/26,2622.93,2566.92,2640.02,2485.8
2009/4/19,2572.89,2643.73,2713.3,2543.91
2009/4/12,2650.69,2621.98,2706.62,2619.37
2009/4/5,2595.53,2570.62,2597.06,2457.42
2009/3/29,2570.5,2501.31,2612.37,2423.57
2009/3/22,2498.93,2384.67,2516.38,2375.52
2009/3/15,2379.84,2197.25,2397.21,2180.05
2009/3/8,2205.42,2302.01,2333.98,2156.6
2009/3/1,2286.58,2123.37,2340.37,2100.64
2009/2/22,2140.49,2333.81,2419.53,2117.06
2009/2/15,2344.32,2421.19,2470.62,2259.59
2009/2/8,2399.07,2271.59,2402.44,2248.48
2009/2/1,2237.28,2052.44,2240.02,2029.72
2009/1/18,2032.68,2010.58,2054.33,1986.06
2009/1/11,1990.21,1911.74,2026.65,1873.63
2009/1/4,1918.37,1848.33,1959.25,1837.84
2008/12/28,1817.72,1852.41,1867.41,1813.73
2008/12/21,1862.1,2050.77,2055.37,1848.71
2008/12/14,2052.11,1991.55,2075.38,1919.87
2008/12/7,1960.38,2040.47,2107.6,1936.28
2008/11/30,2013.17,1823.77,2046.47,1799.84
2008/11/23,1829.92,1913.99,1969.02,1801.56
2008/11/16,1920.73,1934.74,1994.82,1823.27
2008/11/9,1943.65,1714.12,1943.65,1714.12
2008/11/2,1677.83,1648.56,1714.66,1606.73
2008/10/26,1663.66,1746.67,1746.67,1607.67
2008/10/19,1781.6,1828.41,1928.19,1769.11
2008/10/12,1833.26,1889.75,2060.49,1805.67
2008/10/5,1906.96,2206.56,2206.56,1881.67
2008/9/21,2243.66,2228.37,2258.42,2050.97
2008/9/14,2073.11,2050.32,2073.11,1804.77
2008/9/7,2077.85,2189.82,2198.76,2066.44
2008/8/31,2183.43,2372.64,2372.64,2172.94
2008/8/24,2391.64,2408.03,2439.91,2291.35
2008/8/17,2404.93,2451.31,2535.86,2273.89
2008/8/10,2447.61,2579.8,2580.72,2369.58
2008/8/3,2591.46,2816.94,2832.89,2581.81
2008/7/27,2840.79,2959.11,2997.6,2748.76
2008/7/20,2939.2,2792.83,2979.75,2780.28
2008/7/13,2815.46,2927.24,2997.67,2690.07
2008/7/6,2953.5,2747.61,3056.91,2747.61
2008/6/29,2741.85,2782.84,2834.27,2617.26
2008/6/22,2816.02,2798.43,3010.28,2770.99
2008/6/15,2849.67,2981.09,3012.99,2691.87
2008/6/8,2979.12,3344.45,3352.32,2975.66
2008/6/1,3489.5,3600.23,3650.48,3470.56
2008/5/25,3611.33,3643.01,3698,3533.47
2008/5/18,3675.15,3926.31,3946.44,3591.57
2008/5/11,3936.12,3804.99,4038.85,3766.58
2008/5/4,3878.92,4015.21,4075.57,3761.28
2008/4/27,3959.12,3740.95,3970.57,3702.02
2008/4/20,3803.07,3516.43,3915.84,3122.39
2008/4/13,3272.5,3699.14,3710.79,3248.53
2008/4/6,3783.73,3611.96,3935.33,3578.38
2008/3/30,3650.7,3802.21,3891.66,3457.62
2008/3/23,3918.16,4086.07,4103.57,3661.38
2008/3/16,4037.83,4138.88,4138.88,3658.04
2008/3/9,4157.87,4588.73,4588.77,4092.79
2008/3/2,4621.69,4648.73,4836.66,4519.74
2008/2/24,4674.55,4704.32,4722.64,4394.59
2008/2/17,4702.24,4875.22,5062.26,4649.81
2008/2/10,4813.31,4858.81,4913.32,4742.1
2008/2/3,4921.83,4695.55,4995.57,4695.55
2008/1/27,4571.94,5038.51,5038.51,4414.12
2008/1/20,5077.43,5424.64,5434.35,4708.39
2008/1/13,5414.47,5717.52,5756.92,5226.64
2008/1/6,5699.15,5480.44,5707.67,5455.5
2007/12/30,5483.65,5349.76,5499.09,5283.45
2007/12/23,5338.27,5142.16,5391.66,5129.6
2007/12/16,5101.85,4976.24,5103.77,4799
2007/12/9,4977.65,4961.67,5181.41,4800.24
2007/12/2,5041.35,4714.92,5041.78,4689.52
2007/11/25,4737.41,4931.6,4954.18,4619.51
2007/11/18,4856.16,5017.4,5135.25,4711.79
2007/11/11,5007.66,4916.82,5170.97,4795.43
2007/11/4,5040.52,5438.81,5494.62,4962.3
2007/10/28,5472.93,5428.68,5702.21,5428.68
2007/10/21,5394.81,5543.79,5644.97,5266.37
2007/10/14,5614.06,5761.87,5891.72,5563.78
2007/10/7,5737.22,5703.28,5796.28,5485.56
2007/9/23,5580.81,5481.38,5590.85,5338.04
2007/9/16,5468.1,5389.5,5533.53,5357.5
2007/9/9,5397.28,5226.74,5414,5059.46
2007/9/2,5294.8,5335.05,5448.84,5265.06
2007/8/26,5296.81,5250.62,5307.42,5136.61
2007/8/19,5217.58,4749.2,5231.15,4747.27
2007/8/12,4626.58,4724.52,4836.59,4616.97
2007/8/5,4726.68,4642.78,4779.14,4579.4
2007/7/29,4598.38,4305.18,4599.25,4271.06
2007/7/22,4307.14,4009.06,4325.93,4009.06
2007/7/15,3971.88,3824.91,3971.89,3650.25
2007/7/8,3820.12,3743.87,3852.93,3722.23
2007/7/1,3710.28,3746.18,3848.08,3475.27
2007/6/24,3764.08,4066.45,4105.99,3718.16
2007/6/17,4051.43,4178.76,4292.2,3970.35
2007/6/10,4099.38,3876.07,4146.52,3834.02
2007/6/3,3837.87,3804.96,3861.21,3246.73
2007/5/27,3803.95,4033.92,4168.53,3683.56
2007/5/20,3985.25,3650.8,3996.85,3643.08
2007/5/13,3776.63,3648.27,3805.21,3557.2
2007/5/6,3702.61,3643.81,3742.23,3556.61
2007/4/29,3558.71,3487.36,3568.68,3478.93
2007/4/22,3470.52,3330.8,3503.89,3330.8
2007/4/15,3289.28,3177.3,3311.98,3065.28
2007/4/8,3169.23,2988.38,3211.61,2988.38
2007/4/1,2972.01,2793.96,2977.46,2793.96
2007/3/25,2781.78,2725.4,2830.08,2689.11
2007/3/18,2716.27,2533.71,2740.28,2523.3
2007/3/11,2604.23,2612.96,2665.39,2546.65
2007/3/4,2611.39,2503.82,2643.81,2409.72
2007/2/25,2508.73,2679.26,2719.52,2413.33
2007/2/11,2676.74,2397.85,2717.57,2396.79
2007/2/4,2397.24,2282.77,2417.64,2198.9
2007/1/28,2298,2529.94,2599.45,2293.28
2007/1/21,2512.92,2424.82,2556.1,2356.98
2007/1/14,2396.09,2170.94,2396.09,2170.94
2007/1/7,2173.75,2072.01,2289.95,2071.72
2006/12/31,2072.88,2073.25,2139.49,2030.76
2006/12/24,2041.05,1898.82,2052.86,1898.82
2006/12/17,1895.64,1875.01,1945.47,1875.01
2006/12/10,1867.64,1705.91,1867.78,1705.91
2006/12/3,1711.58,1731.9,1820.72,1710
2006/11/26,1729.22,1632.66,1741.8,1604.82
2006/11/19,1636.58,1567.34,1642.81,1567.34
2006/11/12,1562.08,1498.06,1562.24,1453.26
2006/11/5,1504.06,1477.44,1535.2,1472
2006/10/29,1488.29,1436.66,1497.47,1428.33
2006/10/22,1439.05,1439.54,1460.45,1403.01
2006/10/15,1440.18,1432.31,1447.95,1410.67
2006/10/8,1430.88,1420.36,1443.5,1418.21
2006/9/24,1403.27,1372.81,1405.56,1351.18
2006/9/17,1374.85,1367.64,1393.53,1362.14
2006/9/10,1362.32,1331.89,1362.4,1319.21
2006/9/3,1332.15,1315.71,1348.28,1315.61
2006/8/27,1318.1,1298.46,1349.2,1298.36
2006/8/20,1295.44,1235.43,1301.75,1229.16
2006/8/13,1267.87,1275.14,1283.57,1239.9
2006/8/6,1275.65,1233.49,1277.97,1221.99
2006/7/30,1241.91,1338.04,1338.04,1239.38
2006/7/23,1341.39,1340.28,1380.8,1327.66
2006/7/16,1356.03,1354.14,1373.59,1329.18
2006/7/9,1357.13,1410.5,1430.94,1327.59
2006/7/2,1410.43,1398.74,1426.4,1377.22
2006/6/25,1393.96,1341.61,1408.79,1341.61
2006/6/18,1339.45,1306.26,1347,1294.9
2006/6/11,1318.01,1283.83,1318.02,1269.52
2006/6/4,1294.18,1391.46,1413.11,1286.9
2006/5/28,1390.12,1339.9,1411.78,1330.63
2006/5/21,1331.02,1366.32,1387.57,1277.33
2006/5/14,1366.1,1312.14,1387.4,1301.11
2006/5/7,1296.26,1179.58,1296.38,1179.58
2006/4/23,1172.35,1156.91,1173.88,1123.1
2006/4/16,1149.16,1120.19,1152.89,1114.53
2006/4/9,1118.61,1104.32,1126.09,1091.67
2006/4/2,1103.15,1061.96,1109.68,1061.96
2006/3/26,1061.09,1042.63,1074.04,1037.08
2006/3/19,1042.6,1024.5,1051.76,1019.65
2006/3/12,1024.02,1008.8,1029.81,1008.51
2006/3/5,1008.9,1041.66,1044.42,999.93
2006/2/26,1041.68,1055.95,1057.69,1029.56
2006/2/19,1049.44,1020.74,1049.69,1014.66
2006/2/12,1020.37,1034.38,1048.34,1015.99
2006/2/5,1032.34,1013.42,1038.5,1012.81
2006/1/22,1009.6,993.74,1009.65,989.34
2006/1/15,993.34,977.89,994.5,952.23
2006/1/8,978.81,971.09,988.11,963.39
2006/1/1,970.03,926.56,975.63,926.41
2005/12/25,923.45,916.67,934,915.12
2005/12/18,915.89,902.05,915.89,898.79
2005/12/11,902.56,887.06,904.01,880.74
2005/12/4,887.36,869.43,887.57,855.72
2005/11/27,869.94,883.24,886.74,866.37
2005/11/20,884.11,882.79,886.11,866.19
2005/11/13,882.24,864.08,886.58,847.49
2005/11/6,864.79,877.62,884.94,857.79
2005/10/30,878.36,866.62,885.68,862.69
2005/10/23,867.73,905.13,908.45,859.69
2005/10/16,904.41,903.27,907.88,889.57
2005/10/9,904.83,917.21,926.09,902.81
2005/9/25,917.39,915.84,921.13,901.38
2005/9/18,916.15,967.44,971.99,914.23
2005/9/11,967.5,949.78,970.96,945.4
2005/9/4,949.07,949.08,959.9,932.65
2005/8/28,947.87,928.34,947.92,911.5
2005/8/21,928.26,923.11,935.23,915.03
2005/8/14,923.04,937.71,959.34,910.08
2005/8/7,938.32,926.57,959.27,919.11
2005/7/31,923.8,887.72,923.81,885.85
2005/7/24,888.16,858.33,901,854.28
2005/7/17,859.69,839.22,867.16,829.28
2005/7/10,841,837.86,856.1,818.86
2005/7/3,829.49,855.32,856.74,827.23
2005/6/26,859.49,904.21,920.65,858.37
2005/6/19,898.3,881.62,906.48,872.56
2005/6/12,880.35,895,905.41,861.83
2005/6/5,894.56,816.73,925.37,807.78
2005/5/29,818.03,847.63,863.2,807.97
2005/5/22,849.51,880.28,880.28,848.4
2005/5/15,882.76,885.39,891.02,868.21
2005/5/8,887.54,934.65,937.39,875.58
2005/4/24,932.39,935.99,945.5,914.83
2005/4/17,939.1,970.91,970.91,934.96
2005/4/10,974.08,1003.88,1008.74,971.93
2005/4/3,1003.45,968.49,1003.7,948.95
2005/3/27,978.14,961.65,989.9,928.34
2005/3/20,962.96,977.3,983.18,948.53
2005/3/13,978.66,1027.18,1041.57,975.71
2005/3/6,1027.43,1024.48,1054.64,1016.93
2005/2/27,1023.67,1046.21,1048.28,1014.75
2005/2/20,1046.76,1006.69,1059.48,1006.69
2005/2/13,1006.05,1023.32,1033.25,1005.63
2005/1/30,1016.86,965.79,1021.03,952.74
2005/1/23,969.21,1001.85,1001.85,965.21
2005/1/16,982.6,979.11,984.27,943.44
2005/1/9,988.31,983.76,1006.46,979.79
2005/1/2,983.96,994.77,997.32,979.81
